{"viewport_width":638,"part_place_settings":[{"texture":"part_eluanshi.tga","color":{"b":255,"a":255,"__OBJ_TYPE":"Color","g":255,"r":255},"key":"cube","__OBJ_TYPE":"PART_PLACE_SETTING"},{"texture":"part_suliao.tga","color":{"b":255,"a":255,"__OBJ_TYPE":"Color","g":255,"r":255},"key":"sphere","__OBJ_TYPE":"PART_PLACE_SETTING"},{"texture":"part_suliao.tga","color":{"b":255,"a":255,"__OBJ_TYPE":"Color","g":255,"r":255},"key":"cylinder","__OBJ_TYPE":"PART_PLACE_SETTING"},{"texture":"part_suliao.tga","color":{"b":255,"a":255,"__OBJ_TYPE":"Color","g":255,"r":255},"key":"cone","__OBJ_TYPE":"PART_PLACE_SETTING"}],"map_pos":{"map001":{"z":30,"y":68,"x":30}},"camera_move_speed":0.7,"viewport_height":358}