{"camera_move_speed":0.7,"viewport_height":358,"part_place_settings":[{"texture":"part_eluanshi.tga","color":{"b":255,"__OBJ_TYPE":"Color","g":255,"r":255,"a":255},"__OBJ_TYPE":"PART_PLACE_SETTING","key":"cube"},{"texture":"part_suliao.tga","color":{"b":255,"__OBJ_TYPE":"Color","g":255,"r":255,"a":255},"__OBJ_TYPE":"PART_PLACE_SETTING","key":"sphere"},{"texture":"part_suliao.tga","color":{"b":255,"__OBJ_TYPE":"Color","g":255,"r":255,"a":255},"__OBJ_TYPE":"PART_PLACE_SETTING","key":"cylinder"},{"texture":"part_suliao.tga","color":{"b":255,"__OBJ_TYPE":"Color","g":255,"r":255,"a":255},"__OBJ_TYPE":"PART_PLACE_SETTING","key":"cone"}],"viewport_width":638,"map_pos":{"map001":{"z":30,"y":68,"x":30}}}