[
  {
    "attributes": [],
    "class": "Part",
    "customProperties": [],
    "properties": {
      "angleVelocity": "x:0 y:0 z:0",
      "bakeTextureWeight": "1",
      "batchType": "Dynamic",
      "bloom": "false",
      "booleanOperation": "0",
      "btsKey": "dbf90cd2-8d96-4e30-9ba0-5b17b5580bd2",
      "cameraCollideEnable": "true",
      "canAcceptShadow": "true",
      "canGenerateShadow": "true",
      "collisionFidelity": "0",
      "collisionGroup": "1",
      "collisionUniqueKey": "",
      "customThreshold": "1",
      "density": "2.2",
      "discardAlpha": "0.0",
      "friction": "0.37",
      "id": "8766760408078565377",
      "isLockedInEditor": "false",
      "isVisibleInEditor": "true",
      "lineVelocity": "x:0 y:0 z:0",
      "massCenter": "x:0 y:-1 z:0",
      "materialAlpha": "1.0",
      "materialColor": "r:1.0 g:1.0 b:1.0 a:1.0",
      "materialOffset": "x:1 y:1 z:1.0",
      "materialTexture": "part_suliao.tga",
      "name": "Trap",
      "needSync": "true",
      "partNavMeshType": "1",
      "position": "x:0 y:0 z:0",
      "restitution": "0.3",
      "rotation": "x:0 y:0 z:0",
      "scale": "x:1 y:1.01 z:1",
      "selectable": "true",
      "shape": "1",
      "staticBatchNo": "",
      "staticObject": "false",
      "useAnchor": "true",
      "useCollide": "true",
      "useForCollision": "false",
      "useGravity": "true",
      "useTextureAlpha": "false"
    }
  }
]