{
  "bake_texture_size": 64,
  "blinn": 0,
  "canBreak": true,
  "hdr": 0,
  "hideCloud": true,
  "is_bake_light_effect_visible": false,
  "moveDownGravity": 0.15,
  "scene": [
    {
      "attributes": [],
      "class": "VoxelTerrain",
      "customProperties": [],
      "properties": {
        "__folder_id": "",
        "collisionGroup": "1",
        "id": "26644713697705985",
        "isVisibleInEditor": "true",
        "name": "VoxelTerrain",
        "uniqueKey": "map001",
        "useForCollision": "false"
      }
    },
    {
      "class": "Light",
      "customProperties": [],
      "properties": {
        "bakeTextureWeight": "1",
        "batchType": "Dynamic",
        "canAcceptShadow": "true",
        "canGenerateShadow": "true",
        "id": "8762113081684312065",
        "ID": "1",
        "isVisibleInEditor": "true",
        "lightActived": "true",
        "lightAngle": "30.0",
        "lightBrightness": "1.0",
        "lightColor": "r:1.0 g:1.0 b:1.0 a:1.0",
        "lightLength": "1.0",
        "lightRange": "8.0",
        "lightType": "GlobalLight",
        "lightWidth": "1.0",
        "name": "EnvironmentLight",
        "needSync": "true",
        "position": "x:0 y:0 z:0",
        "rotation": "x:0 y:0 z:0",
        "scale": "x:1 y:1 z:1",
        "selectable": "true",
        "shadowsDistance": "20.0",
        "shadowsIntensity": "1.0",
        "shadowsOffset": "0.02",
        "shadowsPresicion": "1024",
        "shadowsType": "null",
        "skyColor": "r:0.498039215686275 g:0.513725490196078 b:0.545098039215686 a:1.0",
        "skyLineColor": "r:0.23921568627451 g:0.227450980392157 b:0.207843137254902 a:1.0",
        "useAnchor": "false",
        "useForCollision": "false"
      }
    },
    {
      "class": "Light",
      "customProperties": [],
      "properties": {
        "bakeTextureWeight": "1",
        "batchType": "Dynamic",
        "canAcceptShadow": "true",
        "canGenerateShadow": "true",
        "id": "8762113083131805697",
        "ID": "2",
        "isVisibleInEditor": "true",
        "lightActived": "true",
        "lightAngle": "30.0",
        "lightBrightness": "1.0",
        "lightColor": "r:1.0 g:1.0 b:1.0 a:1.0",
        "lightLength": "1.0",
        "lightRange": "8.0",
        "lightType": "DirectionalLight",
        "lightWidth": "1.0",
        "name": "DirectionalLight",
        "needSync": "true",
        "position": "x:0 y:5 z:0",
        "rotation": "x:0 y:-90 z:0",
        "scale": "x:1 y:1 z:1",
        "selectable": "true",
        "shadowsDistance": "20.0",
        "shadowsIntensity": "1.0",
        "shadowsOffset": "0.02",
        "shadowsPresicion": "1024",
        "shadowsType": "null",
        "skyColor": "r:0.498039215686275 g:0.513725490196078 b:0.545098039215686 a:1.0",
        "skyLineColor": "r:0.23921568627451 g:0.227450980392157 b:0.207843137254902 a:1.0",
        "useAnchor": "false",
        "useForCollision": "false"
      }
    },
    {
      "attributes": [],
      "children": [
        {
          "attributes": [],
          "class": "Part",
          "customProperties": [],
          "properties": {
            "angleVelocity": "x:0 y:0 z:0",
            "bakeTextureWeight": "1",
            "batchType": "Dynamic",
            "bloom": "false",
            "booleanOperation": "0",
            "btsKey": "b0c48164-eec5-4f88-be17-0faa13d6707d",
            "cameraCollideEnable": "true",
            "canAcceptShadow": "true",
            "canGenerateShadow": "true",
            "collisionFidelity": "0",
            "collisionGroup": "1",
            "collisionUniqueKey": "",
            "customThreshold": "1",
            "density": "2.5",
            "discardAlpha": "0.0",
            "friction": "0.6",
            "id": "8762135808627458049",
            "isLockedInEditor": "false",
            "isVisibleInEditor": "true",
            "lineVelocity": "x:0 y:0 z:0",
            "massCenter": "x:0 y:-1 z:5",
            "materialAlpha": "0.997",
            "materialColor": "r:1.0 g:1.0 b:1.0 a:1.0",
            "materialOffset": "x:1 y:1 z:1.0",
            "materialTexture": "part_zhuankuai.tga",
            "name": "Base",
            "needSync": "true",
            "partNavMeshType": "1",
            "position": "x:0 y:-1 z:5",
            "restitution": "0.15",
            "rotation": "x:0 y:0 z:0",
            "scale": "x:30 y:1 z:60",
            "selectable": "true",
            "shape": "1",
            "staticBatchNo": "",
            "staticObject": "false",
            "useAnchor": "true",
            "useCollide": "true",
            "useForCollision": "false",
            "useGravity": "false",
            "useTextureAlpha": "false"
          }
        },
        {
          "attributes": [],
          "class": "PartOperation",
          "customProperties": [],
          "properties": {
            "angleVelocity": "x:0 y:0 z:0",
            "bakeTextureWeight": "1",
            "batchType": "Dynamic",
            "bloom": "false",
            "booleanOperation": "0",
            "btsKey": "49b5288e-ad58-4eb3-8872-9edabb77d5ca",
            "cameraCollideEnable": "true",
            "canAcceptShadow": "true",
            "canGenerateShadow": "true",
            "collisionFidelity": "0",
            "collisionGroup": "1",
            "collisionUniqueKey": "",
            "customThreshold": "1",
            "density": "2.5",
            "discardAlpha": "0.0",
            "friction": "0.6",
            "id": "8768714686568824833",
            "isLockedInEditor": "false",
            "isVisibleInEditor": "true",
            "lineVelocity": "x:0 y:0 z:0",
            "massCenter": "x:0 y:6.99999904632568 z:19.9999961853027",
            "materialAlpha": "1.0",
            "materialColor": "r:1.0 g:1.0 b:1.0 a:1.0",
            "materialOffset": "x:1 y:1 z:1.0",
            "materialTexture": "part_zhuankuai.tga",
            "mergeShapesDataKey": "8768714686460280833",
            "name": "Gate",
            "needSync": "true",
            "partNavMeshType": "1",
            "position": "x:0 y:6.99999904632568 z:19.9999961853027",
            "restitution": "0.15",
            "rotation": "x:0 y:0 z:0",
            "scale": "x:30 y:20 z:0.01",
            "selectable": "true",
            "staticBatchNo": "",
            "staticObject": "false",
            "useAnchor": "true",
            "useCollide": "true",
            "useForCollision": "false",
            "useGravity": "true",
            "useOriginalColor": "true",
            "useTextureAlpha": "false"
          }
        },
        {
          "attributes": [],
          "class": "Part",
          "customProperties": [],
          "properties": {
            "angleVelocity": "x:0 y:0 z:0",
            "bakeTextureWeight": "1",
            "batchType": "Dynamic",
            "bloom": "false",
            "booleanOperation": "0",
            "btsKey": "5715a44e-2458-441e-9738-338c2c318562",
            "cameraCollideEnable": "true",
            "canAcceptShadow": "true",
            "canGenerateShadow": "true",
            "collisionFidelity": "0",
            "collisionGroup": "1",
            "collisionUniqueKey": "",
            "customThreshold": "1",
            "density": "2.5",
            "discardAlpha": "0.0",
            "friction": "0.6",
            "id": "8769352832243400705",
            "isLockedInEditor": "false",
            "isVisibleInEditor": "true",
            "lineVelocity": "x:0 y:0 z:0",
            "massCenter": "x:0 y:7 z:34",
            "materialAlpha": "1.0",
            "materialColor": "r:1.0 g:1.0 b:1.0 a:1.0",
            "materialOffset": "x:1 y:1 z:1.0",
            "materialTexture": "part_zhuankuai.tga",
            "name": "Front",
            "needSync": "true",
            "partNavMeshType": "1",
            "position": "x:0 y:7 z:34",
            "restitution": "0.15",
            "rotation": "x:0 y:0 z:0",
            "scale": "x:30 y:20 z:0.01",
            "selectable": "true",
            "shape": "1",
            "staticBatchNo": "",
            "staticObject": "false",
            "useAnchor": "true",
            "useCollide": "true",
            "useForCollision": "false",
            "useGravity": "true",
            "useTextureAlpha": "false"
          }
        },
        {
          "attributes": [],
          "class": "Part",
          "customProperties": [],
          "properties": {
            "angleVelocity": "x:0 y:0 z:0",
            "bakeTextureWeight": "1",
            "batchType": "Dynamic",
            "bloom": "false",
            "booleanOperation": "0",
            "btsKey": "dd0d9b23-e08f-427a-860a-81f20b4bf813",
            "cameraCollideEnable": "true",
            "canAcceptShadow": "true",
            "canGenerateShadow": "true",
            "collisionFidelity": "0",
            "collisionGroup": "1",
            "collisionUniqueKey": "",
            "customThreshold": "1",
            "density": "2.5",
            "discardAlpha": "0.0",
            "friction": "0.6",
            "id": "8762135808635682817",
            "isLockedInEditor": "false",
            "isVisibleInEditor": "true",
            "lineVelocity": "x:0 y:0 z:0",
            "massCenter": "x:0 y:7 z:-24",
            "materialAlpha": "1.0",
            "materialColor": "r:1.0 g:1.0 b:1.0 a:1.0",
            "materialOffset": "x:1 y:1 z:1.0",
            "materialTexture": "part_zhuankuai.tga",
            "name": "Back",
            "needSync": "true",
            "partNavMeshType": "1",
            "position": "x:0 y:7 z:-24",
            "restitution": "0.15",
            "rotation": "x:0 y:0 z:0",
            "scale": "x:30 y:20 z:0.01",
            "selectable": "true",
            "shape": "1",
            "staticBatchNo": "",
            "staticObject": "false",
            "useAnchor": "true",
            "useCollide": "true",
            "useForCollision": "false",
            "useGravity": "true",
            "useTextureAlpha": "false"
          }
        },
        {
          "attributes": [],
          "class": "Part",
          "customProperties": [],
          "properties": {
            "angleVelocity": "x:0 y:0 z:0",
            "bakeTextureWeight": "1",
            "batchType": "Dynamic",
            "bloom": "false",
            "booleanOperation": "0",
            "btsKey": "66d07674-745f-4b35-a37c-42ffcd109d11",
            "cameraCollideEnable": "true",
            "canAcceptShadow": "true",
            "canGenerateShadow": "true",
            "collisionFidelity": "0",
            "collisionGroup": "1",
            "collisionUniqueKey": "",
            "customThreshold": "1",
            "density": "2.5",
            "discardAlpha": "0.0",
            "friction": "0.6",
            "id": "8762135808647806977",
            "isLockedInEditor": "false",
            "isVisibleInEditor": "true",
            "lineVelocity": "x:0 y:0 z:0",
            "massCenter": "x:14 y:7 z:5",
            "materialAlpha": "1.0",
            "materialColor": "r:1.0 g:1.0 b:1.0 a:1.0",
            "materialOffset": "x:1 y:1 z:1.0",
            "materialTexture": "part_zhuankuai.tga",
            "name": "Left",
            "needSync": "true",
            "partNavMeshType": "1",
            "position": "x:14 y:7 z:5",
            "restitution": "0.15",
            "rotation": "x:0 y:0 z:0",
            "scale": "x:0.01 y:20 z:60",
            "selectable": "true",
            "shape": "1",
            "staticBatchNo": "",
            "staticObject": "false",
            "useAnchor": "true",
            "useCollide": "true",
            "useForCollision": "false",
            "useGravity": "true",
            "useTextureAlpha": "false"
          }
        },
        {
          "attributes": [],
          "class": "Part",
          "customProperties": [],
          "properties": {
            "angleVelocity": "x:0 y:0 z:0",
            "bakeTextureWeight": "1",
            "batchType": "Dynamic",
            "bloom": "false",
            "booleanOperation": "0",
            "btsKey": "e19fb569-2d84-4634-a888-aa39a51d78fc",
            "cameraCollideEnable": "true",
            "canAcceptShadow": "true",
            "canGenerateShadow": "true",
            "collisionFidelity": "0",
            "collisionGroup": "1",
            "collisionUniqueKey": "",
            "customThreshold": "1",
            "density": "2.5",
            "discardAlpha": "0.0",
            "friction": "0.6",
            "id": "8762135808651493377",
            "isLockedInEditor": "false",
            "isVisibleInEditor": "true",
            "lineVelocity": "x:0 y:0 z:0",
            "massCenter": "x:-14 y:7 z:5",
            "materialAlpha": "1.0",
            "materialColor": "r:1.0 g:1.0 b:1.0 a:1.0",
            "materialOffset": "x:1 y:1 z:1.0",
            "materialTexture": "part_zhuankuai.tga",
            "name": "Right",
            "needSync": "true",
            "partNavMeshType": "1",
            "position": "x:-14 y:7 z:5",
            "restitution": "0.15",
            "rotation": "x:0 y:0 z:0",
            "scale": "x:0.01 y:20 z:60",
            "selectable": "true",
            "shape": "1",
            "staticBatchNo": "",
            "staticObject": "false",
            "useAnchor": "true",
            "useCollide": "true",
            "useForCollision": "false",
            "useGravity": "true",
            "useTextureAlpha": "false"
          }
        }
      ],
      "class": "Model",
      "customProperties": [],
      "properties": {
        "bakeTextureWeight": "1",
        "batchType": "Dynamic",
        "canAcceptShadow": "true",
        "canGenerateShadow": "true",
        "id": "8762135808625442817",
        "isVisibleInEditor": "true",
        "name": "Border",
        "needSync": "true",
        "position": "x:0 y:0 z:0",
        "rotation": "x:0 y:0 z:0",
        "selectable": "true",
        "useAnchor": "false",
        "useForCollision": "false"
      }
    },
    {
      "attributes": [],
      "children": [
        {
          "attributes": [],
          "class": "Part",
          "customProperties": [],
          "properties": {
            "angleVelocity": "x:0 y:0 z:0",
            "bakeTextureWeight": "1",
            "batchType": "Dynamic",
            "bloom": "false",
            "booleanOperation": "0",
            "btsKey": "2e31db2b-c67e-4e6b-9339-48a93db99b6a",
            "cameraCollideEnable": "true",
            "canAcceptShadow": "true",
            "canGenerateShadow": "true",
            "collisionFidelity": "0",
            "collisionGroup": "1",
            "collisionUniqueKey": "",
            "customThreshold": "1",
            "density": "2.2",
            "discardAlpha": "0.0",
            "friction": "0.37",
            "id": "8763791208552693761",
            "isLockedInEditor": "false",
            "isVisibleInEditor": "true",
            "lineVelocity": "x:0 y:0 z:0",
            "massCenter": "x:0.999999940395355 y:-0.248000010848045 z:0",
            "materialAlpha": "1.0",
            "materialColor": "r:0.129411764705882 g:0.145098039215686 b:1.0 a:1.0",
            "materialOffset": "x:1 y:1 z:1.0",
            "materialTexture": "part_suliao.tga",
            "name": "Sprint",
            "needSync": "true",
            "partNavMeshType": "1",
            "position": "x:0.999999940395355 y:-0.248000010848045 z:0",
            "restitution": "0.3",
            "rotation": "x:0 y:0 z:0",
            "scale": "x:1 y:1 z:1",
            "selectable": "true",
            "shape": "1",
            "staticBatchNo": "",
            "staticObject": "false",
            "useAnchor": "true",
            "useCollide": "true",
            "useForCollision": "false",
            "useGravity": "true",
            "useTextureAlpha": "false"
          }
        },
        {
          "attributes": [],
          "class": "Part",
          "customProperties": [],
          "properties": {
            "angleVelocity": "x:0 y:0 z:0",
            "bakeTextureWeight": "1",
            "batchType": "Dynamic",
            "bloom": "false",
            "booleanOperation": "0",
            "btsKey": "1c274cff-2609-49d0-9082-0bdf38c91d03",
            "cameraCollideEnable": "true",
            "canAcceptShadow": "true",
            "canGenerateShadow": "true",
            "collisionFidelity": "0",
            "collisionGroup": "1",
            "collisionUniqueKey": "",
            "customThreshold": "1",
            "density": "2.2",
            "discardAlpha": "0.0",
            "friction": "0.37",
            "id": "8767880506464993281",
            "isLockedInEditor": "false",
            "isVisibleInEditor": "true",
            "lineVelocity": "x:0 y:0 z:0",
            "massCenter": "x:-0.999999940395355 y:-0.248000010848045 z:0",
            "materialAlpha": "1.0",
            "materialColor": "r:1.0 g:0.0117647058823529 b:0.227450980392157 a:1.0",
            "materialOffset": "x:1 y:1 z:1.0",
            "materialTexture": "part_suliao.tga",
            "name": "Rage",
            "needSync": "true",
            "partNavMeshType": "1",
            "position": "x:-0.999999940395355 y:-0.248000010848045 z:0",
            "restitution": "0.3",
            "rotation": "x:0 y:0 z:0",
            "scale": "x:1 y:1 z:1",
            "selectable": "true",
            "shape": "1",
            "staticBatchNo": "",
            "staticObject": "false",
            "useAnchor": "true",
            "useCollide": "true",
            "useForCollision": "false",
            "useGravity": "true",
            "useTextureAlpha": "false"
          }
        }
      ],
      "class": "Model",
      "customProperties": [],
      "properties": {
        "bakeTextureWeight": "1",
        "batchType": "Static",
        "canAcceptShadow": "true",
        "canGenerateShadow": "true",
        "id": "8770113710647459841",
        "isVisibleInEditor": "true",
        "name": "Spawner",
        "needSync": "true",
        "position": "x:0 y:0 z:0",
        "rotation": "x:0 y:0 z:0",
        "selectable": "true",
        "useAnchor": "false",
        "useForCollision": "false"
      }
    },
    {
      "attributes": [],
      "children": [
        {
          "attributes": [],
          "class": "Entity",
          "config": "myplugin/player1",
          "customProperties": [],
          "properties": {
            "bakeTextureWeight": "1",
            "batchType": "Dynamic",
            "canAcceptShadow": "true",
            "canGenerateShadow": "true",
            "collisionGroup": "1",
            "id": "8768716034175221761",
            "isVisibleInEditor": "true",
            "name": "Player",
            "needSync": "true",
            "position": "x:0 y:1.40899968147278 z:-22.460994720459",
            "rotation": "x:0 y:0 z:0",
            "scale": "x:1 y:1 z:1",
            "selectable": "true",
            "useAnchor": "false",
            "useForCollision": "false"
          }
        },
        {
          "attributes": [],
          "class": "Entity",
          "config": "myplugin/player1",
          "customProperties": [],
          "properties": {
            "bakeTextureWeight": "1",
            "batchType": "Dynamic",
            "canAcceptShadow": "true",
            "canGenerateShadow": "true",
            "collisionGroup": "1",
            "id": "8769380938738106369",
            "isVisibleInEditor": "true",
            "name": "Player",
            "needSync": "true",
            "position": "x:-2.1239960193634 y:0.5 z:5.20200061798096",
            "rotation": "x:0 y:180 z:0",
            "scale": "x:1 y:1 z:1",
            "selectable": "true",
            "useAnchor": "false",
            "useForCollision": "false"
          }
        },
        {
          "attributes": [],
          "class": "Entity",
          "config": "myplugin/player1",
          "customProperties": [],
          "properties": {
            "bakeTextureWeight": "1",
            "batchType": "Dynamic",
            "canAcceptShadow": "true",
            "canGenerateShadow": "true",
            "collisionGroup": "1",
            "id": "8762142972235628545",
            "isVisibleInEditor": "true",
            "name": "Player",
            "needSync": "true",
            "position": "x:-0.256993293762207 y:0.5 z:5.20200061798096",
            "rotation": "x:0 y:180 z:0",
            "scale": "x:1 y:1 z:1",
            "selectable": "true",
            "useAnchor": "false",
            "useForCollision": "false"
          }
        }
      ],
      "class": "Folder",
      "customProperties": [],
      "properties": {
        "aclNames": [],
        "id": "8770112870190661633",
        "isDataSet": "false",
        "isVisibleInEditor": "true",
        "name": "Players",
        "useForCollision": "false"
      }
    },
    {
      "attributes": [],
      "class": "PartOperation",
      "customProperties": [],
      "properties": {
        "angleVelocity": "x:0 y:0 z:0",
        "bakeTextureWeight": "1",
        "batchType": "Dynamic",
        "bloom": "false",
        "booleanOperation": "0",
        "btsKey": "33e9d629-6346-4c56-9057-8f761eefb9d0",
        "cameraCollideEnable": "true",
        "canAcceptShadow": "true",
        "canGenerateShadow": "true",
        "collisionFidelity": "0",
        "collisionGroup": "1",
        "collisionUniqueKey": "8769424605747904513",
        "customThreshold": "1",
        "density": "2.2",
        "discardAlpha": "0.0",
        "friction": "0.37",
        "id": "8769429899748343809",
        "isLockedInEditor": "false",
        "isVisibleInEditor": "true",
        "lineVelocity": "x:3 y:3 z:0",
        "massCenter": "x:-8.23334217071533 y:-0.868512809276581 z:-23.4959964752197",
        "materialAlpha": "1.0",
        "materialColor": "r:1.0 g:1.0 b:1.0 a:1.0",
        "materialOffset": "x:1 y:1 z:1.0",
        "materialTexture": "part_suliao.tga",
        "mergeShapesDataKey": "8769424600771919873",
        "name": "Union",
        "needSync": "true",
        "partNavMeshType": "1",
        "position": "x:-8.23334217071533 y:-0.868512809276581 z:-23.4959964752197",
        "restitution": "0.3",
        "rotation": "x:0 y:0 z:44.9999885559082",
        "scale": "x:4.5 y:3 z:3",
        "selectable": "true",
        "staticBatchNo": "",
        "staticObject": "false",
        "useAnchor": "true",
        "useCollide": "true",
        "useForCollision": "false",
        "useGravity": "true",
        "useOriginalColor": "true",
        "useTextureAlpha": "false"
      }
    },
    {
      "attributes": [],
      "class": "Part",
      "customProperties": [],
      "properties": {
        "angleVelocity": "x:0 y:0 z:0",
        "bakeTextureWeight": "1",
        "batchType": "Dynamic",
        "bloom": "false",
        "booleanOperation": "0",
        "btsKey": "91784ac5-3fbe-4e6b-8c58-7d4499999d6a",
        "cameraCollideEnable": "true",
        "canAcceptShadow": "true",
        "canGenerateShadow": "true",
        "collisionFidelity": "0",
        "collisionGroup": "1",
        "collisionUniqueKey": "",
        "customThreshold": "1",
        "density": "2.2",
        "discardAlpha": "0.0",
        "friction": "0.37",
        "id": "8769429899790958593",
        "isLockedInEditor": "false",
        "isVisibleInEditor": "true",
        "lineVelocity": "x:0 y:0 z:0",
        "massCenter": "x:0 y:-0.13400012254715 z:-23",
        "materialAlpha": "1.0",
        "materialColor": "r:1.0 g:1.0 b:1.0 a:1.0",
        "materialOffset": "x:1 y:1 z:1.0",
        "materialTexture": "part_suliao.tga",
        "name": "Part",
        "needSync": "true",
        "partNavMeshType": "1",
        "position": "x:0 y:-0.13400012254715 z:-23",
        "restitution": "0.3",
        "rotation": "x:0 y:0 z:-1.70754742612189e-06",
        "scale": "x:15 y:3 z:2",
        "selectable": "true",
        "shape": "1",
        "staticBatchNo": "",
        "staticObject": "false",
        "useAnchor": "true",
        "useCollide": "true",
        "useForCollision": "false",
        "useGravity": "true",
        "useTextureAlpha": "false"
      }
    },
    {
      "attributes": [],
      "class": "Part",
      "customProperties": [],
      "properties": {
        "angleVelocity": "x:0 y:0 z:0",
        "bakeTextureWeight": "1",
        "batchType": "Dynamic",
        "bloom": "false",
        "booleanOperation": "0",
        "btsKey": "28c45ada-1242-4376-b46f-687176bec28b",
        "cameraCollideEnable": "true",
        "canAcceptShadow": "true",
        "canGenerateShadow": "true",
        "collisionFidelity": "0",
        "collisionGroup": "1",
        "collisionUniqueKey": "",
        "customThreshold": "1",
        "density": "7.9",
        "discardAlpha": "0.0",
        "friction": "0.2",
        "id": "8770081239134650369",
        "isLockedInEditor": "false",
        "isVisibleInEditor": "true",
        "lineVelocity": "x:0 y:0 z:0",
        "massCenter": "x:0 y:6 z:20.0014972686768",
        "materialAlpha": "0.5",
        "materialColor": "r:0.125490196078431 g:1.0 b:0.0627450980392157 a:1.0",
        "materialOffset": "x:1 y:1 z:1.0",
        "materialTexture": "part_gangban.tga",
        "name": "Part",
        "needSync": "true",
        "partNavMeshType": "1",
        "position": "x:0 y:6 z:20.0014972686768",
        "restitution": "0.06",
        "rotation": "x:0 y:0 z:0",
        "scale": "x:7.99996 y:15 z:0.293993",
        "selectable": "true",
        "shape": "1",
        "staticBatchNo": "",
        "staticObject": "false",
        "useAnchor": "true",
        "useCollide": "true",
        "useForCollision": "false",
        "useGravity": "true",
        "useTextureAlpha": "false"
      }
    },
    {
      "attributes": [],
      "class": "PartOperation",
      "customProperties": [],
      "properties": {
        "angleVelocity": "x:0 y:0 z:0",
        "bakeTextureWeight": "1",
        "batchType": "Dynamic",
        "bloom": "false",
        "booleanOperation": "0",
        "btsKey": "cca42dc6-e80d-4770-8b60-b0226fdc7608",
        "cameraCollideEnable": "true",
        "canAcceptShadow": "true",
        "canGenerateShadow": "true",
        "collisionFidelity": "0",
        "collisionGroup": "1",
        "collisionUniqueKey": "8769424605747904513",
        "customThreshold": "1",
        "density": "2.2",
        "discardAlpha": "0.0",
        "friction": "0.37",
        "id": "8770102712682856449",
        "isLockedInEditor": "false",
        "isVisibleInEditor": "true",
        "lineVelocity": "x:-3 y:3 z:0",
        "massCenter": "x:8.54700183868408 y:-0.742646455764771 z:-23.4990005493164",
        "materialAlpha": "1.0",
        "materialColor": "r:1.0 g:1.0 b:1.0 a:1.0",
        "materialOffset": "x:1 y:1 z:1.0",
        "materialTexture": "part_suliao.tga",
        "mergeShapesDataKey": "8769424600771919873",
        "name": "Union",
        "needSync": "true",
        "partNavMeshType": "1",
        "position": "x:8.54700183868408 y:-0.742646455764771 z:-23.4990005493164",
        "restitution": "0.3",
        "rotation": "x:0 y:0 z:90",
        "scale": "x:4.49999 y:3 z:3",
        "selectable": "true",
        "staticBatchNo": "",
        "staticObject": "false",
        "useAnchor": "true",
        "useCollide": "true",
        "useForCollision": "false",
        "useGravity": "true",
        "useOriginalColor": "true",
        "useTextureAlpha": "false"
      }
    },
    {
      "attributes": [],
      "children": [
        {
          "attributes": [],
          "class": "Part",
          "customProperties": [],
          "properties": {
            "angleVelocity": "x:0 y:0 z:0",
            "bakeTextureWeight": "1",
            "batchType": "Dynamic",
            "bloom": "false",
            "booleanOperation": "0",
            "btsKey": "cc65fca6-b052-47a1-95c2-2c20dd053010",
            "cameraCollideEnable": "true",
            "canAcceptShadow": "true",
            "canGenerateShadow": "true",
            "collisionFidelity": "0",
            "collisionGroup": "1",
            "collisionUniqueKey": "",
            "customThreshold": "1",
            "density": "4.5",
            "discardAlpha": "0.0",
            "friction": "0.53",
            "id": "8770096545071595521",
            "isLockedInEditor": "false",
            "isVisibleInEditor": "true",
            "lineVelocity": "x:0 y:0 z:0",
            "massCenter": "x:0 y:-0.579989075660706 z:-2",
            "materialAlpha": "1.0",
            "materialColor": "r:1.0 g:1.0 b:1.0 a:1.0",
            "materialOffset": "x:1 y:1 z:1.0",
            "materialTexture": "part_eluanshi.tga",
            "name": "Base",
            "needSync": "true",
            "partNavMeshType": "1",
            "position": "x:0 y:-0.579989075660706 z:-2",
            "restitution": "0.17",
            "rotation": "x:0 y:0 z:0",
            "scale": "x:20 y:1 z:30",
            "selectable": "true",
            "shape": "1",
            "staticBatchNo": "",
            "staticObject": "false",
            "useAnchor": "true",
            "useCollide": "true",
            "useForCollision": "false",
            "useGravity": "true",
            "useTextureAlpha": "false"
          }
        },
        {
          "attributes": [],
          "children": [
            {
              "attributes": [],
              "class": "Part",
              "customProperties": [],
              "properties": {
                "angleVelocity": "x:0 y:0 z:0",
                "bakeTextureWeight": "1",
                "batchType": "Dynamic",
                "bloom": "false",
                "booleanOperation": "0",
                "btsKey": "138e2297-bc76-4766-9c3a-eb0db83aebb2",
                "cameraCollideEnable": "false",
                "canAcceptShadow": "true",
                "canGenerateShadow": "true",
                "collisionFidelity": "0",
                "collisionGroup": "1",
                "collisionUniqueKey": "",
                "customThreshold": "1",
                "density": "4",
                "discardAlpha": "0.0",
                "friction": "0.63",
                "id": "8770730743802707969",
                "isLockedInEditor": "false",
                "isVisibleInEditor": "true",
                "lineVelocity": "x:0 y:0 z:0",
                "massCenter": "x:-1.16415321826935e-10 y:0.871752500534058 z:-17.6529998779297",
                "materialAlpha": "0.612",
                "materialColor": "r:1.0 g:1.0 b:1.0 a:1.0",
                "materialOffset": "x:1 y:1 z:1.0",
                "materialTexture": "part_shuini.tga",
                "name": "Part",
                "needSync": "true",
                "partNavMeshType": "1",
                "position": "x:-1.16415321826935e-10 y:0.871752500534058 z:-17.6529998779297",
                "restitution": "0.2",
                "rotation": "x:-0.0 y:0.0 z:0.0",
                "scale": "x:7 y:4 z:0.449992",
                "selectable": "true",
                "shape": "1",
                "staticBatchNo": "",
                "staticObject": "false",
                "useAnchor": "true",
                "useCollide": "true",
                "useForCollision": "false",
                "useGravity": "true",
                "useTextureAlpha": "false"
              }
            },
            {
              "attributes": [],
              "class": "Part",
              "customProperties": [],
              "properties": {
                "angleVelocity": "x:0 y:0 z:0",
                "bakeTextureWeight": "1",
                "batchType": "Dynamic",
                "bloom": "false",
                "booleanOperation": "0",
                "btsKey": "1de89f17-f679-4b2c-bf88-52779670d562",
                "cameraCollideEnable": "true",
                "canAcceptShadow": "true",
                "canGenerateShadow": "true",
                "collisionFidelity": "0",
                "collisionGroup": "1",
                "collisionUniqueKey": "",
                "customThreshold": "1",
                "density": "5.5",
                "discardAlpha": "0.0",
                "friction": "0.56",
                "id": "8770739366710345729",
                "isLockedInEditor": "false",
                "isVisibleInEditor": "true",
                "lineVelocity": "x:0 y:0 z:0",
                "massCenter": "x:3.25849962234497 y:0.871752500534058 z:-16.7030010223389",
                "materialAlpha": "1",
                "materialColor": "r:1.0 g:1.0 b:1.0 a:1.0",
                "materialOffset": "x:1 y:1 z:1.0",
                "materialTexture": "part_huawenban.tga",
                "name": "Part",
                "needSync": "true",
                "partNavMeshType": "1",
                "position": "x:3.25849962234497 y:0.871752500534058 z:-16.7030010223389",
                "restitution": "0.07",
                "rotation": "x:-0.0 y:0.0 z:0.0",
                "scale": "x:0.448997 y:4 z:1.464",
                "selectable": "true",
                "shape": "1",
                "staticBatchNo": "",
                "staticObject": "false",
                "useAnchor": "true",
                "useCollide": "true",
                "useForCollision": "false",
                "useGravity": "true",
                "useTextureAlpha": "false"
              }
            },
            {
              "attributes": [],
              "class": "Part",
              "customProperties": [],
              "properties": {
                "angleVelocity": "x:0 y:0 z:0",
                "bakeTextureWeight": "1",
                "batchType": "Dynamic",
                "bloom": "false",
                "booleanOperation": "0",
                "btsKey": "4d267a7f-03ba-453f-935b-5198b5bbf06e",
                "cameraCollideEnable": "true",
                "canAcceptShadow": "true",
                "canGenerateShadow": "true",
                "collisionFidelity": "0",
                "collisionGroup": "1",
                "collisionUniqueKey": "",
                "customThreshold": "1",
                "density": "5.5",
                "discardAlpha": "0.0",
                "friction": "0.56",
                "id": "8770740888770215937",
                "isLockedInEditor": "false",
                "isVisibleInEditor": "true",
                "lineVelocity": "x:0 y:0 z:0",
                "massCenter": "x:-3.27749991416931 y:0.871752500534058 z:-16.7030010223389",
                "materialAlpha": "1",
                "materialColor": "r:1.0 g:1.0 b:1.0 a:1.0",
                "materialOffset": "x:1 y:1 z:1.0",
                "materialTexture": "part_huawenban.tga",
                "name": "Part",
                "needSync": "true",
                "partNavMeshType": "1",
                "position": "x:-3.27749991416931 y:0.871752500534058 z:-16.7030010223389",
                "restitution": "0.07",
                "rotation": "x:-0.0 y:0.0 z:0.0",
                "scale": "x:0.448997 y:4 z:1.464",
                "selectable": "true",
                "shape": "1",
                "staticBatchNo": "",
                "staticObject": "false",
                "useAnchor": "true",
                "useCollide": "true",
                "useForCollision": "false",
                "useGravity": "true",
                "useTextureAlpha": "false"
              }
            },
            {
              "attributes": [],
              "class": "Part",
              "customProperties": [],
              "properties": {
                "angleVelocity": "x:0 y:0 z:0",
                "bakeTextureWeight": "1",
                "batchType": "Dynamic",
                "bloom": "false",
                "booleanOperation": "0",
                "btsKey": "ce05fc4a-e928-4f59-abed-363daff00096",
                "cameraCollideEnable": "true",
                "canAcceptShadow": "true",
                "canGenerateShadow": "true",
                "collisionFidelity": "0",
                "collisionGroup": "1",
                "collisionUniqueKey": "",
                "customThreshold": "1",
                "density": "5.5",
                "discardAlpha": "0.0",
                "friction": "0.56",
                "id": "8770741458224332801",
                "isLockedInEditor": "false",
                "isVisibleInEditor": "true",
                "lineVelocity": "x:0 y:0 z:0",
                "massCenter": "x:-1.16415321826935e-10 y:2.87899994850159 z:-16.8929996490479",
                "materialAlpha": "1",
                "materialColor": "r:1.0 g:1.0 b:1.0 a:1.0",
                "materialOffset": "x:1 y:1 z:1.0",
                "materialTexture": "part_huawenban.tga",
                "name": "Part",
                "needSync": "true",
                "partNavMeshType": "1",
                "position": "x:-1.16415321826935e-10 y:2.87899994850159 z:-16.8929996490479",
                "restitution": "0.07",
                "rotation": "x:-0.0 y:0.0 z:0.0",
                "scale": "x:6.99996 y:0.444991 z:1.951",
                "selectable": "true",
                "shape": "1",
                "staticBatchNo": "",
                "staticObject": "false",
                "useAnchor": "true",
                "useCollide": "true",
                "useForCollision": "false",
                "useGravity": "true",
                "useTextureAlpha": "false"
              }
            }
          ],
          "class": "Model",
          "customProperties": [],
          "properties": {
            "bakeTextureWeight": "1",
            "batchType": "Static",
            "canAcceptShadow": "true",
            "canGenerateShadow": "true",
            "id": "8770743004097544193",
            "isVisibleInEditor": "true",
            "name": "Model",
            "needSync": "true",
            "position": "x:-0.00099945068359375 y:1 z:-16.8977489471436",
            "rotation": "x:0 y:0 z:0",
            "selectable": "true",
            "useAnchor": "false",
            "useForCollision": "false"
          }
        },
        {
          "attributes": [],
          "children": [
            {
              "attributes": [],
              "class": "Part",
              "customProperties": [],
              "properties": {
                "angleVelocity": "x:0 y:0 z:0",
                "bakeTextureWeight": "1",
                "batchType": "Dynamic",
                "bloom": "false",
                "booleanOperation": "0",
                "btsKey": "138e2297-bc76-4766-9c3a-eb0db83aebb2",
                "cameraCollideEnable": "false",
                "canAcceptShadow": "true",
                "canGenerateShadow": "true",
                "collisionFidelity": "0",
                "collisionGroup": "1",
                "collisionUniqueKey": "",
                "customThreshold": "1",
                "density": "4",
                "discardAlpha": "0.0",
                "friction": "0.63",
                "id": "8770745202621513729",
                "isLockedInEditor": "false",
                "isVisibleInEditor": "true",
                "lineVelocity": "x:0 y:0 z:0",
                "massCenter": "x:-0.00200475053861737 y:0.871752500534058 z:13.6844873428345",
                "materialAlpha": "0.612",
                "materialColor": "r:1.0 g:1.0 b:1.0 a:1.0",
                "materialOffset": "x:1 y:1 z:1.0",
                "materialTexture": "part_shuini.tga",
                "name": "Part",
                "needSync": "true",
                "partNavMeshType": "1",
                "position": "x:-0.00200475053861737 y:0.871752500534058 z:13.6844873428345",
                "restitution": "0.2",
                "rotation": "x:-0.0 y:-179.999984741211 z:0.0",
                "scale": "x:7 y:4 z:0.449992",
                "selectable": "true",
                "shape": "1",
                "staticBatchNo": "",
                "staticObject": "false",
                "useAnchor": "true",
                "useCollide": "true",
                "useForCollision": "false",
                "useGravity": "true",
                "useTextureAlpha": "false"
              }
            },
            {
              "attributes": [],
              "class": "Part",
              "customProperties": [],
              "properties": {
                "angleVelocity": "x:0 y:0 z:0",
                "bakeTextureWeight": "1",
                "batchType": "Dynamic",
                "bloom": "false",
                "booleanOperation": "0",
                "btsKey": "1de89f17-f679-4b2c-bf88-52779670d562",
                "cameraCollideEnable": "true",
                "canAcceptShadow": "true",
                "canGenerateShadow": "true",
                "collisionFidelity": "0",
                "collisionGroup": "1",
                "collisionUniqueKey": "",
                "customThreshold": "1",
                "density": "5.5",
                "discardAlpha": "0.0",
                "friction": "0.56",
                "id": "8770745202629410817",
                "isLockedInEditor": "false",
                "isVisibleInEditor": "true",
                "lineVelocity": "x:0 y:0 z:0",
                "massCenter": "x:-3.26050424575806 y:0.871752500534058 z:12.7344875335693",
                "materialAlpha": "1",
                "materialColor": "r:1.0 g:1.0 b:1.0 a:1.0",
                "materialOffset": "x:1 y:1 z:1.0",
                "materialTexture": "part_huawenban.tga",
                "name": "Part",
                "needSync": "true",
                "partNavMeshType": "1",
                "position": "x:-3.26050424575806 y:0.871752500534058 z:12.7344875335693",
                "restitution": "0.07",
                "rotation": "x:-0.0 y:-179.999984741211 z:0.0",
                "scale": "x:0.448997 y:4 z:1.464",
                "selectable": "true",
                "shape": "1",
                "staticBatchNo": "",
                "staticObject": "false",
                "useAnchor": "true",
                "useCollide": "true",
                "useForCollision": "false",
                "useGravity": "true",
                "useTextureAlpha": "false"
              }
            },
            {
              "attributes": [],
              "class": "Part",
              "customProperties": [],
              "properties": {
                "angleVelocity": "x:0 y:0 z:0",
                "bakeTextureWeight": "1",
                "batchType": "Dynamic",
                "bloom": "false",
                "booleanOperation": "0",
                "btsKey": "4d267a7f-03ba-453f-935b-5198b5bbf06e",
                "cameraCollideEnable": "true",
                "canAcceptShadow": "true",
                "canGenerateShadow": "true",
                "collisionFidelity": "0",
                "collisionGroup": "1",
                "collisionUniqueKey": "",
                "customThreshold": "1",
                "density": "5.5",
                "discardAlpha": "0.0",
                "friction": "0.56",
                "id": "8770745202636537857",
                "isLockedInEditor": "false",
                "isVisibleInEditor": "true",
                "lineVelocity": "x:0 y:0 z:0",
                "massCenter": "x:3.27549481391907 y:0.871752500534058 z:12.7344875335693",
                "materialAlpha": "1",
                "materialColor": "r:1.0 g:1.0 b:1.0 a:1.0",
                "materialOffset": "x:1 y:1 z:1.0",
                "materialTexture": "part_huawenban.tga",
                "name": "Part",
                "needSync": "true",
                "partNavMeshType": "1",
                "position": "x:3.27549481391907 y:0.871752500534058 z:12.7344875335693",
                "restitution": "0.07",
                "rotation": "x:-0.0 y:-179.999984741211 z:0.0",
                "scale": "x:0.448997 y:4 z:1.464",
                "selectable": "true",
                "shape": "1",
                "staticBatchNo": "",
                "staticObject": "false",
                "useAnchor": "true",
                "useCollide": "true",
                "useForCollision": "false",
                "useGravity": "true",
                "useTextureAlpha": "false"
              }
            },
            {
              "attributes": [],
              "class": "Part",
              "customProperties": [],
              "properties": {
                "angleVelocity": "x:0 y:0 z:0",
                "bakeTextureWeight": "1",
                "batchType": "Dynamic",
                "bloom": "false",
                "booleanOperation": "0",
                "btsKey": "ce05fc4a-e928-4f59-abed-363daff00096",
                "cameraCollideEnable": "true",
                "canAcceptShadow": "true",
                "canGenerateShadow": "true",
                "collisionFidelity": "0",
                "collisionGroup": "1",
                "collisionUniqueKey": "",
                "customThreshold": "1",
                "density": "5.5",
                "discardAlpha": "0.0",
                "friction": "0.56",
                "id": "8770745202644353025",
                "isLockedInEditor": "false",
                "isVisibleInEditor": "true",
                "lineVelocity": "x:0 y:0 z:0",
                "massCenter": "x:-0.00200481712818146 y:2.87899994850159 z:12.9244861602783",
                "materialAlpha": "1",
                "materialColor": "r:1.0 g:1.0 b:1.0 a:1.0",
                "materialOffset": "x:1 y:1 z:1.0",
                "materialTexture": "part_huawenban.tga",
                "name": "Part",
                "needSync": "true",
                "partNavMeshType": "1",
                "position": "x:-0.00200481712818146 y:2.87899994850159 z:12.9244861602783",
                "restitution": "0.07",
                "rotation": "x:-0.0 y:-179.999984741211 z:0.0",
                "scale": "x:6.99996 y:0.444991 z:1.951",
                "selectable": "true",
                "shape": "1",
                "staticBatchNo": "",
                "staticObject": "false",
                "useAnchor": "true",
                "useCollide": "true",
                "useForCollision": "false",
                "useGravity": "true",
                "useTextureAlpha": "false"
              }
            }
          ],
          "class": "Model",
          "customProperties": [],
          "properties": {
            "bakeTextureWeight": "1",
            "batchType": "Static",
            "canAcceptShadow": "true",
            "canGenerateShadow": "true",
            "id": "8770745202655985665",
            "isVisibleInEditor": "true",
            "name": "Model",
            "needSync": "true",
            "position": "x:-0.00100536597892642 y:1 z:12.929235458374",
            "rotation": "x:0 y:180 z:0",
            "selectable": "true",
            "useAnchor": "false",
            "useForCollision": "false"
          }
        }
      ],
      "class": "Model",
      "customProperties": [],
      "properties": {
        "bakeTextureWeight": "1",
        "batchType": "Static",
        "canAcceptShadow": "true",
        "canGenerateShadow": "true",
        "id": "8770750531344498689",
        "isVisibleInEditor": "true",
        "name": "Field",
        "needSync": "true",
        "position": "x:0.0 y:0.98662406206131 z:-1.98575687408447",
        "rotation": "x:0 y:0 z:0",
        "selectable": "true",
        "useAnchor": "false",
        "useForCollision": "false"
      }
    },
    {
      "attributes": [],
      "class": "Entity",
      "config": "myplugin/41989222-2674-4522-b6c4-1604651e0b4e",
      "customProperties": [],
      "properties": {
        "bakeTextureWeight": "1",
        "batchType": "Static",
        "canAcceptShadow": "true",
        "canGenerateShadow": "true",
        "collisionGroup": "1",
        "id": "8770762446411366401",
        "isVisibleInEditor": "true",
        "name": "Flag",
        "needSync": "true",
        "position": "x:-9.7593936920166 y:-0.135000005364418 z:-16.7449989318848",
        "rotation": "x:0 y:0 z:0",
        "scale": "x:0.400997 y:0.400997 z:0.400995",
        "selectable": "true",
        "useAnchor": "false",
        "useForCollision": "false"
      }
    },
    {
      "attributes": [],
      "class": "Entity",
      "config": "myplugin/41989222-2674-4522-b6c4-1604651e0b4e",
      "customProperties": [],
      "properties": {
        "bakeTextureWeight": "1",
        "batchType": "Static",
        "canAcceptShadow": "true",
        "canGenerateShadow": "true",
        "collisionGroup": "1",
        "id": "8770765156938596353",
        "isVisibleInEditor": "true",
        "name": "Flag",
        "needSync": "true",
        "position": "x:-9.7593936920166 y:-0.135000005364418 z:12.7429981231689",
        "rotation": "x:0 y:0 z:0",
        "scale": "x:0.400997 y:0.400997 z:0.400995",
        "selectable": "true",
        "useAnchor": "false",
        "useForCollision": "false"
      }
    },
    {
      "attributes": [],
      "class": "Entity",
      "config": "myplugin/41989222-2674-4522-b6c4-1604651e0b4e",
      "customProperties": [],
      "properties": {
        "bakeTextureWeight": "1",
        "batchType": "Static",
        "canAcceptShadow": "true",
        "canGenerateShadow": "true",
        "collisionGroup": "1",
        "id": "8770765673707782145",
        "isVisibleInEditor": "true",
        "name": "Flag",
        "needSync": "true",
        "position": "x:9.74460697174072 y:-0.135000005364418 z:-16.7449989318848",
        "rotation": "x:0 y:180 z:0",
        "scale": "x:0.400997 y:0.400997 z:0.400995",
        "selectable": "true",
        "useAnchor": "false",
        "useForCollision": "false"
      }
    },
    {
      "attributes": [],
      "class": "Entity",
      "config": "myplugin/41989222-2674-4522-b6c4-1604651e0b4e",
      "customProperties": [],
      "properties": {
        "bakeTextureWeight": "1",
        "batchType": "Static",
        "canAcceptShadow": "true",
        "canGenerateShadow": "true",
        "collisionGroup": "1",
        "id": "8770765673710174209",
        "isVisibleInEditor": "true",
        "name": "Flag",
        "needSync": "true",
        "position": "x:9.74460697174072 y:-0.135000005364418 z:12.7429981231689",
        "rotation": "x:0 y:180 z:0",
        "scale": "x:0.400997 y:0.400997 z:0.400995",
        "selectable": "true",
        "useAnchor": "false",
        "useForCollision": "false"
      }
    },
    {
      "attributes": [],
      "class": "Part",
      "customProperties": [],
      "properties": {
        "angleVelocity": "x:0 y:0 z:0",
        "bakeTextureWeight": "1",
        "batchType": "Dynamic",
        "bloom": "false",
        "booleanOperation": "0",
        "btsKey": "2119f7fc-b1ff-47f9-ada7-cef8dc01fe1f",
        "cameraCollideEnable": "true",
        "canAcceptShadow": "true",
        "canGenerateShadow": "true",
        "collisionFidelity": "0",
        "collisionGroup": "1",
        "collisionUniqueKey": "",
        "customThreshold": "1",
        "density": "2.2",
        "discardAlpha": "0.0",
        "friction": "0.37",
        "id": "8770774311329447937",
        "isLockedInEditor": "false",
        "isVisibleInEditor": "true",
        "lineVelocity": "x:0 y:15 z:0",
        "massCenter": "x:0 y:-0.762000203132629 z:15.9770154953003",
        "materialAlpha": "1.0",
        "materialColor": "r:0.149019607843137 g:1.0 b:0.133333333333333 a:1.0",
        "materialOffset": "x:1 y:1 z:1.0",
        "materialTexture": "part_suliao.tga",
        "name": "Jumper",
        "needSync": "true",
        "partNavMeshType": "1",
        "position": "x:0 y:-0.762000203132629 z:15.9770154953003",
        "restitution": "0.3",
        "rotation": "x:0 y:0 z:0",
        "scale": "x:1 y:1 z:1",
        "selectable": "true",
        "shape": "1",
        "staticBatchNo": "",
        "staticObject": "false",
        "useAnchor": "true",
        "useCollide": "true",
        "useForCollision": "false",
        "useGravity": "true",
        "useTextureAlpha": "false"
      }
    },
    {
      "attributes": [],
      "class": "Part",
      "customProperties": [],
      "properties": {
        "angleVelocity": "x:0 y:0 z:0",
        "bakeTextureWeight": "1",
        "batchType": "Dynamic",
        "bloom": "false",
        "booleanOperation": "0",
        "btsKey": "939b2b51-5645-4b86-810d-3ae31a0c83c8",
        "cameraCollideEnable": "true",
        "canAcceptShadow": "true",
        "canGenerateShadow": "true",
        "collisionFidelity": "0",
        "collisionGroup": "1",
        "collisionUniqueKey": "",
        "customThreshold": "1",
        "density": "2.2",
        "discardAlpha": "0.0",
        "friction": "0.37",
        "id": "8770782890006265857",
        "isLockedInEditor": "false",
        "isVisibleInEditor": "true",
        "lineVelocity": "x:0 y:15 z:0",
        "massCenter": "x:0 y:-0.762000203132629 z:-20",
        "materialAlpha": "1.0",
        "materialColor": "r:0.149019607843137 g:1.0 b:0.133333333333333 a:1.0",
        "materialOffset": "x:1 y:1 z:1.0",
        "materialTexture": "part_suliao.tga",
        "name": "Jumper",
        "needSync": "true",
        "partNavMeshType": "1",
        "position": "x:0 y:-0.762000203132629 z:-20",
        "restitution": "0.3",
        "rotation": "x:0 y:0 z:0",
        "scale": "x:1 y:1 z:1",
        "selectable": "true",
        "shape": "1",
        "staticBatchNo": "",
        "staticObject": "false",
        "useAnchor": "true",
        "useCollide": "true",
        "useForCollision": "false",
        "useGravity": "true",
        "useTextureAlpha": "false"
      }
    }
  ],
  "skyBox": [
    {
      "texture": [
        "@asset/Texture/SkyBox/Night/Sky03_right.png",
        "@asset/Texture/SkyBox/Night/Sky03_left.png",
        "@asset/Texture/SkyBox/Night/Sky03_top.png",
        "@asset/Texture/SkyBox/Night/Sky03_bottom.png",
        "@asset/Texture/SkyBox/Night/Sky03_back.png",
        "@asset/Texture/SkyBox/Night/Sky03_front.png"
      ]
    }
  ],
  "skyBoxMode": "static_display",
  "skyBoxRotate": {
    "x": 0,
    "y": 60,
    "z": 0
  },
  "skyBoxTexPixFmt": "RGBA8",
  "skyBoxTexSize": 512,
  "touchPosY": {
    "touchdownPosY": -10,
    "touchupPosY": 100
  },
  "useLod": false
}