{
  "_clientScript": [],
  "_serverScript": [],
  "actorGirlName": "asset/Actor/charactor/charactor_girl/character_girl.actor",
  "actorName": "asset/actor/Black And White Checkered Flag/Flag At The Start.actor",
  "aiFixSpeedRate": 2,
  "autoMove": false,
  "autoRotateColliderBox": true,
  "avoidCliff": true,
  "avoidCliffHight": 5,
  "boundingScaleWithSize": true,
  "canClick": false,
  "canHurtMove": true,
  "canJump": true,
  "canMove": true,
  "canPickOnDie": false,
  "canTurnHead": false,
  "castRealShadowAtFirstPRV": false,
  "checkPartTouchEvent": true,
  "clickDistance": 4,
  "collider": {
    "extent": {
      "x": 0.6,
      "y": 1.8,
      "z": 0.6
    },
    "offset": {
      "x": 0,
      "y": 0,
      "z": 0
    },
    "rotation": {
      "x": 0,
      "y": 0,
      "z": 0
    },
    "type": "Box"
  },
  "collision": false,
  "damage": 0,
  "deathHideTime": 20,
  "destroyTime": 0,
  "disableShadow": true,
  "disableShadowAtFirstPRV": true,
  "dropDamageRatio": 0,
  "dropDamageStart": 1.5,
  "enableAI": false,
  "equipTrays": [],
  "eyeHeight": 1.62,
  "followEntityDistanceWhenHasTarget": 10,
  "followEntityDistanceWhenNotTarget": 5,
  "gravity": 0.08,
  "headPic": "",
  "hideHolder": false,
  "hideHp": 1,
  "hideName": true,
  "homeSize": 20,
  "hpBarColor": 4294967551,
  "hpBarHeight": 0.2,
  "hpBarWidth": 1,
  "hpFaceCamera": 0,
  "hurtResistantTime": 0,
  "isAIGoHomePos": true,
  "isPlayer": false,
  "jumpHeight": 0.6,
  "jumpSpeed": 0.5,
  "maxHp": 20,
  "meetCliffBackRun": true,
  "moveAcc": 0.2,
  "moveFactor": 1,
  "moveSpeed": 0.2,
  "name": "entity_41989222-2674-4522-b6c4-1604651e0b4e",
  "needCheckTouch": true,
  "randomPlayDeadActions": [
    ""
  ],
  "reachDistance": 6.5,
  "setFollowWhenCreate": true,
  "skillInfos": [],
  "stepHeight": 0.6,
  "textHeight": 2.3,
  "touchdownTimeToDie": true,
  "touchdownTimeToDieTick": 5,
  "unassailable": 0,
  "undamageable": 1
}