{
  "addCollision": 0,
  "antiGravity": 0,
  "continueDamage": 0,
  "continueHeal": 0,
  "damage": 0,
  "damagePct": 0,
  "deadRemove": false,
  "deDmgPct": 0,
  "dropDamageRatio": 0,
  "dropDamageStart": 0,
  "gravity": 0,
  "hide": 0,
  "jumpSpeed": 0,
  "maxHp": 0,
  "moveAcc": 0,
  "moveFactor": 0,
  "moveSpeed": 0,
  "needSave": false,
  "reachDistance": 0,
  "skin": [],
  "sound": {
    "loop": false,
    "multiPly": 1,
    "path": "asset/Sound/jump_sfx1.mp3",
    "selfOnly": false,
    "sound": "@Sound/jump_sfx1.mp3",
    "volume": 0.3
  },
  "sync": "all",
  "unassailable": 0,
  "undamageable": 0
}