{
  "additionalData": {
    "local_transform": [
      "1 0 0 0 1 0 0 0 1 0 0 2.98023e-08",
      "0.266667 0 0 0 0.7 0 0 0 101 0 -0.05 2.98023e-08"
    ],
    "tillBaseScale": {
      "x": 29.9999961853027,
      "y": 19.9999961853027,
      "z": 0.00999999791383743
    }
  },
  "basicShapesData": [
    {
      "class": "Part",
      "properties": {
        "angleVelocity": "x:0 y:0 z:0",
        "bakeTextureWeight": "1",
        "batchType": "Dynamic",
        "bloom": "false",
        "booleanOperation": "0",
        "cameraCollideEnable": "true",
        "canAcceptShadow": "true",
        "canGenerateShadow": "true",
        "castShadow": "true",
        "collisionFidelity": "0",
        "collisionGroup": "1",
        "collisionUniqueKey": "",
        "customColor": "r:1 g:1 b:1 a:1",
        "customShapeData": "1",
        "customThreshold": "1",
        "density": "2.5",
        "friction": "0.6",
        "id": "8768714686429839361",
        "individual": "false",
        "isLockedInEditor": "false",
        "isSelectInEditor": "false",
        "isVisibleInEditor": "true",
        "lineVelocity": "x:0 y:0 z:0",
        "localAnchorPoint": "x:0 y:0 z:0",
        "materialAlpha": "1",
        "materialColor": "r:1 g:1 b:1 a:1",
        "materialOffset": "x:1 y:1 z:1",
        "materialTexture": "part_zhuankuai.tga",
        "name": "Front",
        "needSync": "true",
        "networkOwner": "0",
        "originSize": "x:1 y:1 z:1",
        "partNavMeshType": "1",
        "position": "x:0 y:0 z:0",
        "receiveShadow": "true",
        "restitution": "0.15",
        "rotation": "x:-0 y:0 z:0",
        "scale": "x:1 y:1 z:1",
        "selectable": "true",
        "shape": "1",
        "sides": "24",
        "sideStack": "5",
        "sphereDivision": "3",
        "staticBatchNo": "",
        "staticObject": "false",
        "templateInstanceId": "8768714686429839361",
        "travel": "false",
        "unionLastBox": "false",
        "useAnchor": "true",
        "useCollide": "true",
        "useGravity": "true",
        "usePhysics": "true"
      }
    },
    {
      "class": "Part",
      "properties": {
        "angleVelocity": "x:0 y:0 z:0",
        "bakeTextureWeight": "1",
        "batchType": "Dynamic",
        "bloom": "false",
        "booleanOperation": "2",
        "cameraCollideEnable": "true",
        "canAcceptShadow": "true",
        "canGenerateShadow": "true",
        "castShadow": "true",
        "collisionFidelity": "0",
        "collisionGroup": "1",
        "collisionUniqueKey": "",
        "customColor": "r:1 g:1 b:1 a:1",
        "customShapeData": "1",
        "customThreshold": "1",
        "density": "2.2",
        "friction": "0.37",
        "id": "8768714686449008641",
        "individual": "false",
        "isLockedInEditor": "false",
        "isSelectInEditor": "false",
        "isVisibleInEditor": "true",
        "lineVelocity": "x:0 y:0 z:0",
        "localAnchorPoint": "x:0 y:0 z:0",
        "materialAlpha": "1",
        "materialColor": "r:1 g:1 b:1 a:1",
        "materialOffset": "x:1 y:1 z:1",
        "materialTexture": "part_suliao.tga",
        "name": "Part",
        "needSync": "true",
        "networkOwner": "0",
        "originSize": "x:1 y:1 z:1",
        "partNavMeshType": "1",
        "position": "x:0 y:-0.05 z:0",
        "receiveShadow": "true",
        "restitution": "0.3",
        "rotation": "x:-0 y:0 z:0",
        "scale": "x:0.266667 y:0.7 z:101",
        "selectable": "true",
        "shape": "1",
        "sides": "24",
        "sideStack": "5",
        "sphereDivision": "3",
        "staticBatchNo": "",
        "staticObject": "false",
        "templateInstanceId": "8768714686449008641",
        "travel": "false",
        "unionLastBox": "false",
        "useAnchor": "false",
        "useCollide": "true",
        "useGravity": "true",
        "usePhysics": "true"
      }
    }
  ],
  "brushData": {
    "colors": [
      0,
      0,
      0,
      0,
      0,
      0,
      0,
      0,
      0,
      0,
      0,
      0,
      0,
      0,
      0,
      0,
      0,
      0,
      0,
      0,
      0,
      0,
      0,
      0,
      0,
      0,
      0,
      0,
      0,
      0,
      0,
      0,
      0,
      0,
      0,
      0,
      0,
      0,
      0,
      0,
      0,
      0,
      0,
      0,
      0,
      0,
      0,
      0,
      0,
      0,
      0,
      0,
      0,
      0,
      0,
      0,
      0,
      0,
      0,
      0,
      0,
      0,
      0,
      0,
      0,
      0
    ],
    "lightmapUVs": [
      {
        "x": 0.683153748512268,
        "y": 1.00047707557678
      },
      {
        "x": 0.683153748512268,
        "y": 0.691316783428192
      },
      {
        "x": 0.365817815065384,
        "y": 0.691316783428192
      },
      {
        "x": 0.365817815065384,
        "y": 0.691316783428192
      },
      {
        "x": 0.365817815065384,
        "y": 1.00047707557678
      },
      {
        "x": 0.683153748512268,
        "y": 1.00047707557678
      },
      {
        "x": 0.673359453678131,
        "y": 0.686545789241791
      },
      {
        "x": 0.673359453678131,
        "y": 0.377385497093201
      },
      {
        "x": 0.641625881195068,
        "y": 0.573187053203583
      },
      {
        "x": 0.55700296163559,
        "y": 0.573187053203583
      },
      {
        "x": 0.673359453678131,
        "y": 0.686545789241791
      },
      {
        "x": 0.641625881195068,
        "y": 0.573187053203583
      },
      {
        "x": 0.521372199058533,
        "y": 0.490744262933731
      },
      {
        "x": 0.356023520231247,
        "y": 0.377385497093201
      },
      {
        "x": 0.472380042076111,
        "y": 0.490744262933731
      },
      {
        "x": 0.673359453678131,
        "y": 0.377385497093201
      },
      {
        "x": 0.356023520231247,
        "y": 0.377385497093201
      },
      {
        "x": 0.641625881195068,
        "y": 0.490744262933731
      },
      {
        "x": 0.641625881195068,
        "y": 0.532373785972595
      },
      {
        "x": 0.641625881195068,
        "y": 0.573187053203583
      },
      {
        "x": 0.673359453678131,
        "y": 0.377385497093201
      },
      {
        "x": 0.673359453678131,
        "y": 0.377385497093201
      },
      {
        "x": 0.641625881195068,
        "y": 0.490744262933731
      },
      {
        "x": 0.641625881195068,
        "y": 0.532373785972595
      },
      {
        "x": 0.531657993793488,
        "y": 0.490744262933731
      },
      {
        "x": 0.356023520231247,
        "y": 0.377385497093201
      },
      {
        "x": 0.521372199058533,
        "y": 0.490744262933731
      },
      {
        "x": 0.641625881195068,
        "y": 0.490744262933731
      },
      {
        "x": 0.356023520231247,
        "y": 0.377385497093201
      },
      {
        "x": 0.531657993793488,
        "y": 0.490744262933731
      },
      {
        "x": 0.356023520231247,
        "y": 0.686545789241791
      },
      {
        "x": 0.673359453678131,
        "y": 0.686545789241791
      },
      {
        "x": 0.52945864200592,
        "y": 0.573187053203583
      },
      {
        "x": 0.472380042076111,
        "y": 0.490744262933731
      },
      {
        "x": 0.356023520231247,
        "y": 0.377385497093201
      },
      {
        "x": 0.456433296203613,
        "y": 0.490744262933731
      },
      {
        "x": 0.52945864200592,
        "y": 0.573187053203583
      },
      {
        "x": 0.673359453678131,
        "y": 0.686545789241791
      },
      {
        "x": 0.55700296163559,
        "y": 0.573187053203583
      },
      {
        "x": 0.356023520231247,
        "y": 0.377385497093201
      },
      {
        "x": 0.356023520231247,
        "y": 0.686545789241791
      },
      {
        "x": 0.419490694999695,
        "y": 0.573187053203583
      },
      {
        "x": 0.356023520231247,
        "y": 0.686545789241791
      },
      {
        "x": 0.52945864200592,
        "y": 0.573187053203583
      },
      {
        "x": 0.419490694999695,
        "y": 0.573187053203583
      },
      {
        "x": 0.456433296203613,
        "y": 0.490744262933731
      },
      {
        "x": 0.356023520231247,
        "y": 0.377385497093201
      },
      {
        "x": 0.419490694999695,
        "y": 0.490744262933731
      },
      {
        "x": 0.419490694999695,
        "y": 0.531557500362396
      },
      {
        "x": 0.419490694999695,
        "y": 0.490744262933731
      },
      {
        "x": 0.356023520231247,
        "y": 0.377385497093201
      },
      {
        "x": 0.356023520231247,
        "y": 0.377385497093201
      },
      {
        "x": 0.419490694999695,
        "y": 0.573187053203583
      },
      {
        "x": 0.419490694999695,
        "y": 0.531557500362396
      },
      {
        "x": 0.000489715952426195,
        "y": 0.000477099238196388
      },
      {
        "x": 0.000489715952426195,
        "y": 0.309637397527695
      },
      {
        "x": 0.317825675010681,
        "y": 0.309637397527695
      },
      {
        "x": 0.317825675010681,
        "y": 0.309637397527695
      },
      {
        "x": 0.317825675010681,
        "y": 0.000477099238196388
      },
      {
        "x": 0.000489715952426195,
        "y": 0.000477099238196388
      },
      {
        "x": 0.3217433989048,
        "y": 0.314408391714096
      },
      {
        "x": 0.3217433989048,
        "y": 0.623568713665009
      },
      {
        "x": 0.290009826421738,
        "y": 0.510209918022156
      },
      {
        "x": 0.3217433989048,
        "y": 0.623568713665009
      },
      {
        "x": 0.00440744357183576,
        "y": 0.623568713665009
      },
      {
        "x": 0.290009826421738,
        "y": 0.510209918022156
      },
      {
        "x": 0.205386891961098,
        "y": 0.427767157554626
      },
      {
        "x": 0.3217433989048,
        "y": 0.314408391714096
      },
      {
        "x": 0.239705681800842,
        "y": 0.427767157554626
      },
      {
        "x": 0.180041924118996,
        "y": 0.510209918022156
      },
      {
        "x": 0.00440744357183576,
        "y": 0.623568713665009
      },
      {
        "x": 0.120763964951038,
        "y": 0.510209918022156
      },
      {
        "x": 0.290009826421738,
        "y": 0.510209918022156
      },
      {
        "x": 0.00440744357183576,
        "y": 0.623568713665009
      },
      {
        "x": 0.180041924118996,
        "y": 0.510209918022156
      },
      {
        "x": 0.290009826421738,
        "y": 0.468580394983292
      },
      {
        "x": 0.290009826421738,
        "y": 0.427767157554626
      },
      {
        "x": 0.3217433989048,
        "y": 0.314408391714096
      },
      {
        "x": 0.3217433989048,
        "y": 0.314408391714096
      },
      {
        "x": 0.290009826421738,
        "y": 0.510209918022156
      },
      {
        "x": 0.290009826421738,
        "y": 0.468580394983292
      },
      {
        "x": 0.239705681800842,
        "y": 0.427767157554626
      },
      {
        "x": 0.3217433989048,
        "y": 0.314408391714096
      },
      {
        "x": 0.290009826421738,
        "y": 0.427767157554626
      },
      {
        "x": 0.00440744357183576,
        "y": 0.623568713665009
      },
      {
        "x": 0.00440744357183576,
        "y": 0.314408391714096
      },
      {
        "x": 0.0678746327757835,
        "y": 0.510209918022156
      },
      {
        "x": 0.120763964951038,
        "y": 0.510209918022156
      },
      {
        "x": 0.00440744357183576,
        "y": 0.623568713665009
      },
      {
        "x": 0.0678746327757835,
        "y": 0.510209918022156
      },
      {
        "x": 0.174766734242439,
        "y": 0.427767157554626
      },
      {
        "x": 0.3217433989048,
        "y": 0.314408391714096
      },
      {
        "x": 0.177842557430267,
        "y": 0.427767157554626
      },
      {
        "x": 0.177842557430267,
        "y": 0.427767157554626
      },
      {
        "x": 0.3217433989048,
        "y": 0.314408391714096
      },
      {
        "x": 0.205386891961098,
        "y": 0.427767157554626
      },
      {
        "x": 0.00440744357183576,
        "y": 0.314408391714096
      },
      {
        "x": 0.3217433989048,
        "y": 0.314408391714096
      },
      {
        "x": 0.0678746327757835,
        "y": 0.427767157554626
      },
      {
        "x": 0.0678746327757835,
        "y": 0.427767157554626
      },
      {
        "x": 0.3217433989048,
        "y": 0.314408391714096
      },
      {
        "x": 0.174766734242439,
        "y": 0.427767157554626
      },
      {
        "x": 0.0678746327757835,
        "y": 0.469396680593491
      },
      {
        "x": 0.0678746327757835,
        "y": 0.510209918022156
      },
      {
        "x": 0.00440744357183576,
        "y": 0.314408391714096
      },
      {
        "x": 0.00440744357183576,
        "y": 0.314408391714096
      },
      {
        "x": 0.0678746327757835,
        "y": 0.427767157554626
      },
      {
        "x": 0.0678746327757835,
        "y": 0.469396680593491
      },
      {
        "x": 0.643976509571075,
        "y": 0.369751900434494
      },
      {
        "x": 0.326640546321869,
        "y": 0.369751900434494
      },
      {
        "x": 0.326640546321869,
        "y": 0.0605916045606136
      },
      {
        "x": 0.326640546321869,
        "y": 0.0605916045606136
      },
      {
        "x": 0.643976509571075,
        "y": 0.0605916045606136
      },
      {
        "x": 0.643976509571075,
        "y": 0.369751900434494
      },
      {
        "x": 0.342311471700668,
        "y": 0.62833970785141
      },
      {
        "x": 0.342311471700668,
        "y": 0.9375
      },
      {
        "x": 0.0249755140393972,
        "y": 0.9375
      },
      {
        "x": 0.0249755140393972,
        "y": 0.9375
      },
      {
        "x": 0.0249755140393972,
        "y": 0.62833970785141
      },
      {
        "x": 0.342311471700668,
        "y": 0.62833970785141
      },
      {
        "x": 0.874143004417419,
        "y": 0.0510496348142624
      },
      {
        "x": 0.791106164455414,
        "y": 0.0510496199131012
      },
      {
        "x": 0.874143004417419,
        "y": 0.360209912061691
      },
      {
        "x": 0.874143004417419,
        "y": 0.360209912061691
      },
      {
        "x": 0.791106164455414,
        "y": 0.0510496199131012
      },
      {
        "x": 0.789445459842682,
        "y": 0.360209912061691
      },
      {
        "x": 0.791106164455414,
        "y": 0.0510496199131012
      },
      {
        "x": 0.764078140258789,
        "y": 0.0510496348142624
      },
      {
        "x": 0.789445459842682,
        "y": 0.360209912061691
      },
      {
        "x": 0.789445459842682,
        "y": 0.360209912061691
      },
      {
        "x": 0.764078140258789,
        "y": 0.0510496348142624
      },
      {
        "x": 0.761876821517944,
        "y": 0.360209912061691
      },
      {
        "x": 0.656171381473541,
        "y": 0.0510496199131012
      },
      {
        "x": 0.651811957359314,
        "y": 0.0510496348142624
      },
      {
        "x": 0.651811957359314,
        "y": 0.360209912061691
      },
      {
        "x": 0.704747915267944,
        "y": 0.0510496348142624
      },
      {
        "x": 0.656171381473541,
        "y": 0.0510496199131012
      },
      {
        "x": 0.651811957359314,
        "y": 0.360209912061691
      },
      {
        "x": 0.764078140258789,
        "y": 0.0510496348142624
      },
      {
        "x": 0.704747915267944,
        "y": 0.0510496348142624
      },
      {
        "x": 0.761876821517944,
        "y": 0.360209912061691
      },
      {
        "x": 0.761876821517944,
        "y": 0.360209912061691
      },
      {
        "x": 0.704747915267944,
        "y": 0.0510496348142624
      },
      {
        "x": 0.651811957359314,
        "y": 0.360209912061691
      },
      {
        "x": 0.692410349845886,
        "y": 0.53578245639801
      },
      {
        "x": 0.688050925731659,
        "y": 0.53578245639801
      },
      {
        "x": 0.688050925731659,
        "y": 0.8449427485466
      },
      {
        "x": 0.772748470306396,
        "y": 0.53578245639801
      },
      {
        "x": 0.692410349845886,
        "y": 0.53578245639801
      },
      {
        "x": 0.688050925731659,
        "y": 0.8449427485466
      },
      {
        "x": 0.800317108631134,
        "y": 0.53578245639801
      },
      {
        "x": 0.772748470306396,
        "y": 0.53578245639801
      },
      {
        "x": 0.798115789890289,
        "y": 0.8449427485466
      },
      {
        "x": 0.798115789890289,
        "y": 0.8449427485466
      },
      {
        "x": 0.772748470306396,
        "y": 0.53578245639801
      },
      {
        "x": 0.688050925731659,
        "y": 0.8449427485466
      },
      {
        "x": 0.910381972789764,
        "y": 0.53578245639801
      },
      {
        "x": 0.858483970165253,
        "y": 0.53578245639801
      },
      {
        "x": 0.910381972789764,
        "y": 0.8449427485466
      },
      {
        "x": 0.910381972789764,
        "y": 0.8449427485466
      },
      {
        "x": 0.858483970165253,
        "y": 0.53578245639801
      },
      {
        "x": 0.857446014881134,
        "y": 0.8449427485466
      },
      {
        "x": 0.858483970165253,
        "y": 0.53578245639801
      },
      {
        "x": 0.800317108631134,
        "y": 0.53578245639801
      },
      {
        "x": 0.857446014881134,
        "y": 0.8449427485466
      },
      {
        "x": 0.857446014881134,
        "y": 0.8449427485466
      },
      {
        "x": 0.800317108631134,
        "y": 0.53578245639801
      },
      {
        "x": 0.798115789890289,
        "y": 0.8449427485466
      },
      {
        "x": 0.966209590435028,
        "y": 0.127385511994362
      },
      {
        "x": 0.924026131629944,
        "y": 0.127385511994362
      },
      {
        "x": 0.966209590435028,
        "y": 0.436545789241791
      },
      {
        "x": 0.966209590435028,
        "y": 0.436545789241791
      },
      {
        "x": 0.924026131629944,
        "y": 0.127385511994362
      },
      {
        "x": 0.923182487487793,
        "y": 0.436545789241791
      },
      {
        "x": 0.882669806480408,
        "y": 0.127385497093201
      },
      {
        "x": 0.880999028682709,
        "y": 0.127385511994362
      },
      {
        "x": 0.880999028682709,
        "y": 0.436545789241791
      },
      {
        "x": 0.924026131629944,
        "y": 0.127385511994362
      },
      {
        "x": 0.882669806480408,
        "y": 0.127385497093201
      },
      {
        "x": 0.923182487487793,
        "y": 0.436545789241791
      },
      {
        "x": 0.923182487487793,
        "y": 0.436545789241791
      },
      {
        "x": 0.882669806480408,
        "y": 0.127385497093201
      },
      {
        "x": 0.880999028682709,
        "y": 0.436545789241791
      },
      {
        "x": 0.998818933963776,
        "y": 0.499522894620895
      },
      {
        "x": 1.00048971176147,
        "y": 0.499522894620895
      },
      {
        "x": 1.00048971176147,
        "y": 0.808683216571808
      },
      {
        "x": 0.95746260881424,
        "y": 0.499522894620895
      },
      {
        "x": 0.998818933963776,
        "y": 0.499522894620895
      },
      {
        "x": 0.95830625295639,
        "y": 0.808683216571808
      },
      {
        "x": 0.95830625295639,
        "y": 0.808683216571808
      },
      {
        "x": 0.998818933963776,
        "y": 0.499522894620895
      },
      {
        "x": 1.00048971176147,
        "y": 0.808683216571808
      },
      {
        "x": 0.915279150009155,
        "y": 0.499522894620895
      },
      {
        "x": 0.95746260881424,
        "y": 0.499522894620895
      },
      {
        "x": 0.915279150009155,
        "y": 0.808683216571808
      },
      {
        "x": 0.915279150009155,
        "y": 0.808683216571808
      },
      {
        "x": 0.95746260881424,
        "y": 0.499522894620895
      },
      {
        "x": 0.95830625295639,
        "y": 0.808683216571808
      }
    ],
    "uv2s": [
      {
        "x": 0,
        "y": 0
      },
      {
        "x": 0,
        "y": 0
      },
      {
        "x": 0,
        "y": 0
      },
      {
        "x": 0,
        "y": 0
      },
      {
        "x": 0,
        "y": 0
      },
      {
        "x": 0,
        "y": 0
      },
      {
        "x": 0,
        "y": 0
      },
      {
        "x": 0,
        "y": 0
      },
      {
        "x": 0,
        "y": 0
      },
      {
        "x": 0,
        "y": 0
      },
      {
        "x": 0,
        "y": 0
      },
      {
        "x": 0,
        "y": 0
      },
      {
        "x": 0,
        "y": 0
      },
      {
        "x": 0,
        "y": 0
      },
      {
        "x": 0,
        "y": 0
      },
      {
        "x": 0,
        "y": 0
      },
      {
        "x": 0,
        "y": 0
      },
      {
        "x": 0,
        "y": 0
      },
      {
        "x": 0,
        "y": 0
      },
      {
        "x": 0,
        "y": 0
      },
      {
        "x": 0,
        "y": 0
      },
      {
        "x": 0,
        "y": 0
      },
      {
        "x": 0,
        "y": 0
      },
      {
        "x": 0,
        "y": 0
      },
      {
        "x": 0,
        "y": 0
      },
      {
        "x": 0,
        "y": 0
      },
      {
        "x": 0,
        "y": 0
      },
      {
        "x": 0,
        "y": 0
      },
      {
        "x": 0,
        "y": 0
      },
      {
        "x": 0,
        "y": 0
      },
      {
        "x": 0,
        "y": 0
      },
      {
        "x": 0,
        "y": 0
      },
      {
        "x": 0,
        "y": 0
      },
      {
        "x": 0,
        "y": 0
      },
      {
        "x": 0,
        "y": 0
      },
      {
        "x": 0,
        "y": 0
      },
      {
        "x": 0,
        "y": 0
      },
      {
        "x": 0,
        "y": 0
      },
      {
        "x": 0,
        "y": 0
      },
      {
        "x": 0,
        "y": 0
      },
      {
        "x": 0,
        "y": 0
      },
      {
        "x": 0,
        "y": 0
      },
      {
        "x": 0,
        "y": 0
      },
      {
        "x": 0,
        "y": 0
      },
      {
        "x": 0,
        "y": 0
      },
      {
        "x": 0,
        "y": 0
      },
      {
        "x": 0,
        "y": 0
      },
      {
        "x": 0,
        "y": 0
      },
      {
        "x": 0,
        "y": 0
      },
      {
        "x": 0,
        "y": 0
      },
      {
        "x": 0,
        "y": 0
      },
      {
        "x": 0,
        "y": 0
      },
      {
        "x": 0,
        "y": 0
      },
      {
        "x": 0,
        "y": 0
      },
      {
        "x": 0,
        "y": 0
      },
      {
        "x": 0,
        "y": 0
      },
      {
        "x": 0,
        "y": 0
      },
      {
        "x": 0,
        "y": 0
      },
      {
        "x": 0,
        "y": 0
      },
      {
        "x": 0,
        "y": 0
      },
      {
        "x": 0,
        "y": 0
      },
      {
        "x": 0,
        "y": 0
      },
      {
        "x": 0,
        "y": 0
      },
      {
        "x": 0,
        "y": 0
      },
      {
        "x": 0,
        "y": 0
      },
      {
        "x": 0,
        "y": 0
      },
      {
        "x": 0,
        "y": 0
      },
      {
        "x": 0,
        "y": 0
      },
      {
        "x": 0,
        "y": 0
      },
      {
        "x": 0,
        "y": 0
      },
      {
        "x": 0,
        "y": 0
      },
      {
        "x": 0,
        "y": 0
      },
      {
        "x": 0,
        "y": 0
      },
      {
        "x": 0,
        "y": 0
      },
      {
        "x": 0,
        "y": 0
      },
      {
        "x": 0,
        "y": 0
      },
      {
        "x": 0,
        "y": 0
      },
      {
        "x": 0,
        "y": 0
      },
      {
        "x": 0,
        "y": 0
      },
      {
        "x": 0,
        "y": 0
      },
      {
        "x": 0,
        "y": 0
      },
      {
        "x": 0,
        "y": 0
      },
      {
        "x": 0,
        "y": 0
      },
      {
        "x": 0,
        "y": 0
      },
      {
        "x": 0,
        "y": 0
      },
      {
        "x": 0,
        "y": 0
      },
      {
        "x": 0,
        "y": 0
      },
      {
        "x": 0,
        "y": 0
      },
      {
        "x": 0,
        "y": 0
      },
      {
        "x": 0,
        "y": 0
      },
      {
        "x": 0,
        "y": 0
      },
      {
        "x": 0,
        "y": 0
      },
      {
        "x": 0,
        "y": 0
      },
      {
        "x": 0,
        "y": 0
      },
      {
        "x": 0,
        "y": 0
      },
      {
        "x": 0,
        "y": 0
      },
      {
        "x": 0,
        "y": 0
      },
      {
        "x": 0,
        "y": 0
      },
      {
        "x": 0,
        "y": 0
      },
      {
        "x": 0,
        "y": 0
      },
      {
        "x": 0,
        "y": 0
      },
      {
        "x": 0,
        "y": 0
      },
      {
        "x": 0,
        "y": 0
      },
      {
        "x": 0,
        "y": 0
      },
      {
        "x": 0,
        "y": 0
      },
      {
        "x": 0,
        "y": 0
      },
      {
        "x": 0,
        "y": 0
      },
      {
        "x": 0,
        "y": 0
      },
      {
        "x": 0,
        "y": 0
      },
      {
        "x": 0,
        "y": 0
      },
      {
        "x": 0,
        "y": 0
      },
      {
        "x": 0,
        "y": 0
      },
      {
        "x": 0,
        "y": 0
      },
      {
        "x": 0,
        "y": 0
      },
      {
        "x": 0,
        "y": 0
      },
      {
        "x": 0,
        "y": 0
      },
      {
        "x": 0,
        "y": 0
      },
      {
        "x": 0,
        "y": 0
      },
      {
        "x": 0,
        "y": 0
      },
      {
        "x": 0,
        "y": 0
      },
      {
        "x": 0,
        "y": 0
      },
      {
        "x": 0,
        "y": 0
      },
      {
        "x": 0,
        "y": 0
      },
      {
        "x": 0,
        "y": 0
      },
      {
        "x": 0,
        "y": 0
      },
      {
        "x": 0,
        "y": 0
      },
      {
        "x": 0,
        "y": 0
      },
      {
        "x": 0,
        "y": 0
      },
      {
        "x": 0,
        "y": 0
      },
      {
        "x": 0,
        "y": 0
      },
      {
        "x": 0,
        "y": 0
      },
      {
        "x": 0,
        "y": 0
      },
      {
        "x": 0,
        "y": 0
      },
      {
        "x": 0,
        "y": 0
      },
      {
        "x": 0,
        "y": 0
      },
      {
        "x": 0,
        "y": 0
      },
      {
        "x": 0,
        "y": 0
      },
      {
        "x": 0,
        "y": 0
      },
      {
        "x": 0,
        "y": 0
      },
      {
        "x": 0,
        "y": 0
      },
      {
        "x": 0,
        "y": 0
      },
      {
        "x": 0,
        "y": 0
      },
      {
        "x": 0,
        "y": 0
      },
      {
        "x": 0,
        "y": 0
      },
      {
        "x": 0,
        "y": 0
      },
      {
        "x": 0,
        "y": 0
      },
      {
        "x": 0,
        "y": 0
      },
      {
        "x": 0,
        "y": 0
      },
      {
        "x": 0,
        "y": 0
      },
      {
        "x": 0,
        "y": 0
      },
      {
        "x": 0,
        "y": 0
      },
      {
        "x": 0,
        "y": 0
      },
      {
        "x": 0,
        "y": 0
      },
      {
        "x": 0,
        "y": 0
      },
      {
        "x": 0,
        "y": 0
      },
      {
        "x": 0,
        "y": 0
      },
      {
        "x": 0,
        "y": 0
      },
      {
        "x": 0,
        "y": 0
      },
      {
        "x": 0,
        "y": 0
      },
      {
        "x": 0,
        "y": 0
      },
      {
        "x": 0,
        "y": 0
      },
      {
        "x": 0,
        "y": 0
      },
      {
        "x": 0,
        "y": 0
      },
      {
        "x": 0,
        "y": 0
      },
      {
        "x": 0,
        "y": 0
      },
      {
        "x": 0,
        "y": 0
      },
      {
        "x": 0,
        "y": 0
      },
      {
        "x": 0,
        "y": 0
      },
      {
        "x": 0,
        "y": 0
      },
      {
        "x": 0,
        "y": 0
      },
      {
        "x": 0,
        "y": 0
      },
      {
        "x": 0,
        "y": 0
      },
      {
        "x": 0,
        "y": 0
      },
      {
        "x": 0,
        "y": 0
      },
      {
        "x": 0,
        "y": 0
      },
      {
        "x": 0,
        "y": 0
      },
      {
        "x": 0,
        "y": 0
      },
      {
        "x": 0,
        "y": 0
      },
      {
        "x": 0,
        "y": 0
      },
      {
        "x": 0,
        "y": 0
      },
      {
        "x": 0,
        "y": 0
      },
      {
        "x": 0,
        "y": 0
      },
      {
        "x": 0,
        "y": 0
      },
      {
        "x": 0,
        "y": 0
      },
      {
        "x": 0,
        "y": 0
      },
      {
        "x": 0,
        "y": 0
      },
      {
        "x": 0,
        "y": 0
      },
      {
        "x": 0,
        "y": 0
      },
      {
        "x": 0,
        "y": 0
      },
      {
        "x": 0,
        "y": 0
      },
      {
        "x": 0,
        "y": 0
      },
      {
        "x": 0,
        "y": 0
      },
      {
        "x": 0,
        "y": 0
      },
      {
        "x": 0,
        "y": 0
      },
      {
        "x": 0,
        "y": 0
      },
      {
        "x": 0,
        "y": 0
      },
      {
        "x": 0,
        "y": 0
      },
      {
        "x": 0,
        "y": 0
      }
    ],
    "uv3s": [
      {
        "x": 0.00999999791383743,
        "y": 19.9999961853027
      },
      {
        "x": 0,
        "y": 19.9999961853027
      },
      {
        "x": 0,
        "y": 0
      },
      {
        "x": 0,
        "y": 0
      },
      {
        "x": 0.00999999791383743,
        "y": 0
      },
      {
        "x": 0.00999999791383743,
        "y": 19.9999961853027
      },
      {
        "x": 29.9999980926514,
        "y": 19.9999961853027
      },
      {
        "x": 0,
        "y": 19.9999961853027
      },
      {
        "x": 19,
        "y": 17.9999980926514
      },
      {
        "x": 18.9999980926514,
        "y": 12.6666641235352
      },
      {
        "x": 29.9999980926514,
        "y": 19.9999961853027
      },
      {
        "x": 19,
        "y": 17.9999980926514
      },
      {
        "x": 11,
        "y": 10.4210519790649
      },
      {
        "x": 0,
        "y": 0
      },
      {
        "x": 11,
        "y": 7.33333206176758
      },
      {
        "x": 0,
        "y": 19.9999961853027
      },
      {
        "x": 0,
        "y": 0
      },
      {
        "x": 11.0000009536743,
        "y": 17.9999980926514
      },
      {
        "x": 15.0396041870117,
        "y": 17.9999980926514
      },
      {
        "x": 19,
        "y": 17.9999980926514
      },
      {
        "x": 0,
        "y": 19.9999961853027
      },
      {
        "x": 0,
        "y": 19.9999961853027
      },
      {
        "x": 11.0000009536743,
        "y": 17.9999980926514
      },
      {
        "x": 15.0396041870117,
        "y": 17.9999980926514
      },
      {
        "x": 10.9999828338623,
        "y": 11.0692806243896
      },
      {
        "x": 0,
        "y": 0
      },
      {
        "x": 11,
        "y": 10.4210519790649
      },
      {
        "x": 11.0000009536743,
        "y": 17.9999980926514
      },
      {
        "x": 0,
        "y": 0
      },
      {
        "x": 10.9999828338623,
        "y": 11.0692806243896
      },
      {
        "x": 29.9999980926514,
        "y": 0
      },
      {
        "x": 29.9999980926514,
        "y": 19.9999961853027
      },
      {
        "x": 18.9999961853027,
        "y": 10.9306926727295
      },
      {
        "x": 11,
        "y": 7.33333253860474
      },
      {
        "x": 0,
        "y": 0
      },
      {
        "x": 10.9999980926514,
        "y": 6.32829523086548
      },
      {
        "x": 18.9999961853027,
        "y": 10.9306926727295
      },
      {
        "x": 29.9999980926514,
        "y": 19.9999961853027
      },
      {
        "x": 18.9999980926514,
        "y": 12.6666641235352
      },
      {
        "x": 0,
        "y": 0
      },
      {
        "x": 29.9999980926514,
        "y": 0
      },
      {
        "x": 18.9999980926514,
        "y": 3.9999988079071
      },
      {
        "x": 29.9999980926514,
        "y": 0
      },
      {
        "x": 18.9999961853027,
        "y": 10.9306926727295
      },
      {
        "x": 18.9999980926514,
        "y": 3.9999988079071
      },
      {
        "x": 10.9999980926514,
        "y": 6.32829523086548
      },
      {
        "x": 0,
        "y": 0
      },
      {
        "x": 10.9999990463257,
        "y": 3.99999928474426
      },
      {
        "x": 14.9603958129883,
        "y": 3.99999904632568
      },
      {
        "x": 10.9999990463257,
        "y": 3.99999928474426
      },
      {
        "x": 0,
        "y": 0
      },
      {
        "x": 0,
        "y": 0
      },
      {
        "x": 18.9999980926514,
        "y": 3.9999988079071
      },
      {
        "x": 14.9603958129883,
        "y": 3.99999904632568
      },
      {
        "x": 0.00999999791383743,
        "y": 19.9999961853027
      },
      {
        "x": 0,
        "y": 19.9999961853027
      },
      {
        "x": 0,
        "y": 0
      },
      {
        "x": 0,
        "y": 0
      },
      {
        "x": 0.00999999791383743,
        "y": 0
      },
      {
        "x": 0.00999999791383743,
        "y": 19.9999961853027
      },
      {
        "x": 29.9999980926514,
        "y": 19.9999961853027
      },
      {
        "x": 0,
        "y": 19.9999961853027
      },
      {
        "x": 11.0000009536743,
        "y": 17.9999980926514
      },
      {
        "x": 0,
        "y": 19.9999961853027
      },
      {
        "x": 0,
        "y": 0
      },
      {
        "x": 11.0000009536743,
        "y": 17.9999980926514
      },
      {
        "x": 18.9999980926514,
        "y": 12.6666641235352
      },
      {
        "x": 29.9999980926514,
        "y": 19.9999961853027
      },
      {
        "x": 18.9999942779541,
        "y": 14.8295907974243
      },
      {
        "x": 10.9999942779541,
        "y": 11.069296836853
      },
      {
        "x": 0,
        "y": 0
      },
      {
        "x": 11,
        "y": 7.33333206176758
      },
      {
        "x": 11.0000009536743,
        "y": 17.9999980926514
      },
      {
        "x": 0,
        "y": 0
      },
      {
        "x": 10.9999942779541,
        "y": 11.069296836853
      },
      {
        "x": 15.0396013259888,
        "y": 17.9999961853027
      },
      {
        "x": 18.9999923706055,
        "y": 17.9999961853027
      },
      {
        "x": 29.9999980926514,
        "y": 19.9999961853027
      },
      {
        "x": 29.9999980926514,
        "y": 19.9999961853027
      },
      {
        "x": 11.0000009536743,
        "y": 17.9999980926514
      },
      {
        "x": 15.0396013259888,
        "y": 17.9999961853027
      },
      {
        "x": 18.9999942779541,
        "y": 14.8295907974243
      },
      {
        "x": 29.9999980926514,
        "y": 19.9999961853027
      },
      {
        "x": 18.9999923706055,
        "y": 17.9999961853027
      },
      {
        "x": 0,
        "y": 0
      },
      {
        "x": 29.9999980926514,
        "y": 0
      },
      {
        "x": 11,
        "y": 3.99999952316284
      },
      {
        "x": 11,
        "y": 7.33333206176758
      },
      {
        "x": 0,
        "y": 0
      },
      {
        "x": 11,
        "y": 3.99999952316284
      },
      {
        "x": 18.9999980926514,
        "y": 10.7368392944336
      },
      {
        "x": 29.9999980926514,
        "y": 19.9999961853027
      },
      {
        "x": 19,
        "y": 10.9306926727295
      },
      {
        "x": 19,
        "y": 10.9306926727295
      },
      {
        "x": 29.9999980926514,
        "y": 19.9999961853027
      },
      {
        "x": 18.9999980926514,
        "y": 12.6666641235352
      },
      {
        "x": 29.9999980926514,
        "y": 0
      },
      {
        "x": 29.9999980926514,
        "y": 19.9999961853027
      },
      {
        "x": 18.9999980926514,
        "y": 3.99999952316284
      },
      {
        "x": 18.9999980926514,
        "y": 3.99999952316284
      },
      {
        "x": 29.9999980926514,
        "y": 19.9999961853027
      },
      {
        "x": 18.9999980926514,
        "y": 10.7368392944336
      },
      {
        "x": 14.9603958129883,
        "y": 3.99999952316284
      },
      {
        "x": 11,
        "y": 3.99999952316284
      },
      {
        "x": 29.9999980926514,
        "y": 0
      },
      {
        "x": 29.9999980926514,
        "y": 0
      },
      {
        "x": 18.9999980926514,
        "y": 3.99999952316284
      },
      {
        "x": 14.9603958129883,
        "y": 3.99999952316284
      },
      {
        "x": 0.00999999791383743,
        "y": 29.9999980926514
      },
      {
        "x": 0,
        "y": 29.9999980926514
      },
      {
        "x": 0,
        "y": 0
      },
      {
        "x": 0,
        "y": 0
      },
      {
        "x": 0.00999999791383743,
        "y": 0
      },
      {
        "x": 0.00999999791383743,
        "y": 29.9999980926514
      },
      {
        "x": 0.00999999791383743,
        "y": 29.9999980926514
      },
      {
        "x": 0,
        "y": 29.9999980926514
      },
      {
        "x": 0,
        "y": 0
      },
      {
        "x": 0,
        "y": 0
      },
      {
        "x": 0.00999999791383743,
        "y": 0
      },
      {
        "x": 0.00999999791383743,
        "y": 29.9999980926514
      },
      {
        "x": 0.509999871253967,
        "y": 13.9999980926514
      },
      {
        "x": 0.509356796741486,
        "y": 8.7733325958252
      },
      {
        "x": 0.499999850988388,
        "y": 13.9999980926514
      },
      {
        "x": 0.499999850988388,
        "y": 13.9999980926514
      },
      {
        "x": 0.509356796741486,
        "y": 8.7733325958252
      },
      {
        "x": 0.499343931674957,
        "y": 8.66879940032959
      },
      {
        "x": 0.509356796741486,
        "y": 8.7733325958252
      },
      {
        "x": 0.509999871253967,
        "y": 7.06930541992188
      },
      {
        "x": 0.499343931674957,
        "y": 8.66879940032959
      },
      {
        "x": 0.499343931674957,
        "y": 8.66879940032959
      },
      {
        "x": 0.509999871253967,
        "y": 7.06930541992188
      },
      {
        "x": 0.499999850988388,
        "y": 6.93069171905518
      },
      {
        "x": 0.509999811649323,
        "y": 0.27450892329216
      },
      {
        "x": 0.509999930858612,
        "y": 0
      },
      {
        "x": 0.49999988079071,
        "y": 0
      },
      {
        "x": 0.509999930858612,
        "y": 3.33333277702332
      },
      {
        "x": 0.509999811649323,
        "y": 0.27450892329216
      },
      {
        "x": 0.49999988079071,
        "y": 0
      },
      {
        "x": 0.509999930858612,
        "y": 7.06930637359619
      },
      {
        "x": 0.509999930858612,
        "y": 3.33333277702332
      },
      {
        "x": 0.499999910593033,
        "y": 6.93069267272949
      },
      {
        "x": 0.499999910593033,
        "y": 6.93069267272949
      },
      {
        "x": 0.509999930858612,
        "y": 3.33333277702332
      },
      {
        "x": 0.49999988079071,
        "y": 0
      },
      {
        "x": 0.499999940395355,
        "y": 13.725489616394
      },
      {
        "x": 0.499999910593033,
        "y": 13.9999980926514
      },
      {
        "x": 0.509999930858612,
        "y": 13.9999980926514
      },
      {
        "x": 0.499999850988388,
        "y": 8.66666412353516
      },
      {
        "x": 0.499999940395355,
        "y": 13.725489616394
      },
      {
        "x": 0.509999930858612,
        "y": 13.9999980926514
      },
      {
        "x": 0.499999850988388,
        "y": 6.93069171905518
      },
      {
        "x": 0.499999850988388,
        "y": 8.66666412353516
      },
      {
        "x": 0.509999871253967,
        "y": 7.06930541992188
      },
      {
        "x": 0.509999871253967,
        "y": 7.06930541992188
      },
      {
        "x": 0.499999850988388,
        "y": 8.66666412353516
      },
      {
        "x": 0.509999930858612,
        "y": 13.9999980926514
      },
      {
        "x": 0.499999910593033,
        "y": 0
      },
      {
        "x": 0.500643014907837,
        "y": 3.27215647697449
      },
      {
        "x": 0.509999930858612,
        "y": 0
      },
      {
        "x": 0.509999930858612,
        "y": 0
      },
      {
        "x": 0.500643014907837,
        "y": 3.27215647697449
      },
      {
        "x": 0.51065582036972,
        "y": 3.33759951591492
      },
      {
        "x": 0.500643014907837,
        "y": 3.27215647697449
      },
      {
        "x": 0.499999910593033,
        "y": 6.93069267272949
      },
      {
        "x": 0.51065582036972,
        "y": 3.33759951591492
      },
      {
        "x": 0.51065582036972,
        "y": 3.33759951591492
      },
      {
        "x": 0.499999910593033,
        "y": 6.93069267272949
      },
      {
        "x": 0.509999930858612,
        "y": 7.06930637359619
      },
      {
        "x": 0.509999871253967,
        "y": 7.99999904632568
      },
      {
        "x": 0.509999930858612,
        "y": 4.03960371017456
      },
      {
        "x": 0.499999850988388,
        "y": 7.99999904632568
      },
      {
        "x": 0.499999850988388,
        "y": 7.99999904632568
      },
      {
        "x": 0.509999930858612,
        "y": 4.03960371017456
      },
      {
        "x": 0.499999910593033,
        "y": 3.96039581298828
      },
      {
        "x": 0.509999930858612,
        "y": 0.156863197684288
      },
      {
        "x": 0.509999930858612,
        "y": 0
      },
      {
        "x": 0.49999988079071,
        "y": 0
      },
      {
        "x": 0.509999871253967,
        "y": 4.0396032333374
      },
      {
        "x": 0.509999930858612,
        "y": 0.156863197684288
      },
      {
        "x": 0.499999850988388,
        "y": 3.96039533615112
      },
      {
        "x": 0.499999850988388,
        "y": 3.96039533615112
      },
      {
        "x": 0.509999930858612,
        "y": 0.156863197684288
      },
      {
        "x": 0.49999988079071,
        "y": 0
      },
      {
        "x": 0.49999988079071,
        "y": 7.84313583374023
      },
      {
        "x": 0.499999910593033,
        "y": 7.99999904632568
      },
      {
        "x": 0.509999930858612,
        "y": 7.99999904632568
      },
      {
        "x": 0.499999910593033,
        "y": 3.96039581298828
      },
      {
        "x": 0.49999988079071,
        "y": 7.84313583374023
      },
      {
        "x": 0.509999930858612,
        "y": 4.03960371017456
      },
      {
        "x": 0.509999930858612,
        "y": 4.03960371017456
      },
      {
        "x": 0.49999988079071,
        "y": 7.84313583374023
      },
      {
        "x": 0.509999930858612,
        "y": 7.99999904632568
      },
      {
        "x": 0.499999910593033,
        "y": 0
      },
      {
        "x": 0.499999850988388,
        "y": 3.96039533615112
      },
      {
        "x": 0.509999930858612,
        "y": 0
      },
      {
        "x": 0.509999930858612,
        "y": 0
      },
      {
        "x": 0.499999850988388,
        "y": 3.96039533615112
      },
      {
        "x": 0.509999871253967,
        "y": 4.0396032333374
      }
    ],
    "uvs": [
      {
        "x": 1,
        "y": 1
      },
      {
        "x": 0,
        "y": 1
      },
      {
        "x": 0,
        "y": 0
      },
      {
        "x": 0,
        "y": 0
      },
      {
        "x": 1,
        "y": 0
      },
      {
        "x": 1,
        "y": 1
      },
      {
        "x": 1,
        "y": 1
      },
      {
        "x": 0,
        "y": 1
      },
      {
        "x": 0.633333384990692,
        "y": 0.900000095367432
      },
      {
        "x": 0.633333325386047,
        "y": 0.633333325386047
      },
      {
        "x": 1,
        "y": 1
      },
      {
        "x": 0.633333384990692,
        "y": 0.900000095367432
      },
      {
        "x": 0.366666704416275,
        "y": 0.521052718162537
      },
      {
        "x": 0,
        "y": 0
      },
      {
        "x": 0.366666674613953,
        "y": 0.366666674613953
      },
      {
        "x": 0,
        "y": 1
      },
      {
        "x": 0,
        "y": 0
      },
      {
        "x": 0.366666734218597,
        "y": 0.900000035762787
      },
      {
        "x": 0.50132018327713,
        "y": 0.900000095367432
      },
      {
        "x": 0.633333384990692,
        "y": 0.900000095367432
      },
      {
        "x": 0,
        "y": 1
      },
      {
        "x": 0,
        "y": 1
      },
      {
        "x": 0.366666734218597,
        "y": 0.900000035762787
      },
      {
        "x": 0.50132018327713,
        "y": 0.900000095367432
      },
      {
        "x": 0.366666108369827,
        "y": 0.553464114665985
      },
      {
        "x": 0,
        "y": 0
      },
      {
        "x": 0.366666704416275,
        "y": 0.521052718162537
      },
      {
        "x": 0.366666734218597,
        "y": 0.900000035762787
      },
      {
        "x": 0,
        "y": 0
      },
      {
        "x": 0.366666108369827,
        "y": 0.553464114665985
      },
      {
        "x": 1,
        "y": 0
      },
      {
        "x": 1,
        "y": 1
      },
      {
        "x": 0.633333265781403,
        "y": 0.546534717082977
      },
      {
        "x": 0.366666704416275,
        "y": 0.366666704416275
      },
      {
        "x": 0,
        "y": 0
      },
      {
        "x": 0.366666615009308,
        "y": 0.316414833068848
      },
      {
        "x": 0.633333265781403,
        "y": 0.546534717082977
      },
      {
        "x": 1,
        "y": 1
      },
      {
        "x": 0.633333325386047,
        "y": 0.633333325386047
      },
      {
        "x": 0,
        "y": 0
      },
      {
        "x": 1,
        "y": 0
      },
      {
        "x": 0.633333325386047,
        "y": 0.19999997317791
      },
      {
        "x": 1,
        "y": 0
      },
      {
        "x": 0.633333265781403,
        "y": 0.546534717082977
      },
      {
        "x": 0.633333325386047,
        "y": 0.19999997317791
      },
      {
        "x": 0.366666615009308,
        "y": 0.316414833068848
      },
      {
        "x": 0,
        "y": 0
      },
      {
        "x": 0.36666664481163,
        "y": 0.200000002980232
      },
      {
        "x": 0.498679876327515,
        "y": 0.199999988079071
      },
      {
        "x": 0.36666664481163,
        "y": 0.200000002980232
      },
      {
        "x": 0,
        "y": 0
      },
      {
        "x": 0,
        "y": 0
      },
      {
        "x": 0.633333325386047,
        "y": 0.19999997317791
      },
      {
        "x": 0.498679876327515,
        "y": 0.199999988079071
      },
      {
        "x": 1,
        "y": 1
      },
      {
        "x": 0,
        "y": 1
      },
      {
        "x": 0,
        "y": 0
      },
      {
        "x": 0,
        "y": 0
      },
      {
        "x": 1,
        "y": 0
      },
      {
        "x": 1,
        "y": 1
      },
      {
        "x": 1,
        "y": 1
      },
      {
        "x": 0,
        "y": 1
      },
      {
        "x": 0.366666734218597,
        "y": 0.900000035762787
      },
      {
        "x": 0,
        "y": 1
      },
      {
        "x": 0,
        "y": 0
      },
      {
        "x": 0.366666734218597,
        "y": 0.900000035762787
      },
      {
        "x": 0.633333325386047,
        "y": 0.633333325386047
      },
      {
        "x": 1,
        "y": 1
      },
      {
        "x": 0.633333206176758,
        "y": 0.741479694843292
      },
      {
        "x": 0.366666495800018,
        "y": 0.553464949131012
      },
      {
        "x": 0,
        "y": 0
      },
      {
        "x": 0.366666674613953,
        "y": 0.366666674613953
      },
      {
        "x": 0.366666734218597,
        "y": 0.900000035762787
      },
      {
        "x": 0,
        "y": 0
      },
      {
        "x": 0.366666495800018,
        "y": 0.553464949131012
      },
      {
        "x": 0.501320064067841,
        "y": 0.899999976158142
      },
      {
        "x": 0.633333146572113,
        "y": 0.899999976158142
      },
      {
        "x": 1,
        "y": 1
      },
      {
        "x": 1,
        "y": 1
      },
      {
        "x": 0.366666734218597,
        "y": 0.900000035762787
      },
      {
        "x": 0.501320064067841,
        "y": 0.899999976158142
      },
      {
        "x": 0.633333206176758,
        "y": 0.741479694843292
      },
      {
        "x": 1,
        "y": 1
      },
      {
        "x": 0.633333146572113,
        "y": 0.899999976158142
      },
      {
        "x": 0,
        "y": 0
      },
      {
        "x": 1,
        "y": 0
      },
      {
        "x": 0.366666674613953,
        "y": 0.200000017881393
      },
      {
        "x": 0.366666674613953,
        "y": 0.366666674613953
      },
      {
        "x": 0,
        "y": 0
      },
      {
        "x": 0.366666674613953,
        "y": 0.200000017881393
      },
      {
        "x": 0.633333325386047,
        "y": 0.536842048168182
      },
      {
        "x": 1,
        "y": 1
      },
      {
        "x": 0.633333384990692,
        "y": 0.546534717082977
      },
      {
        "x": 0.633333384990692,
        "y": 0.546534717082977
      },
      {
        "x": 1,
        "y": 1
      },
      {
        "x": 0.633333325386047,
        "y": 0.633333325386047
      },
      {
        "x": 1,
        "y": 0
      },
      {
        "x": 1,
        "y": 1
      },
      {
        "x": 0.633333325386047,
        "y": 0.200000017881393
      },
      {
        "x": 0.633333325386047,
        "y": 0.200000017881393
      },
      {
        "x": 1,
        "y": 1
      },
      {
        "x": 0.633333325386047,
        "y": 0.536842048168182
      },
      {
        "x": 0.498679876327515,
        "y": 0.200000017881393
      },
      {
        "x": 0.366666674613953,
        "y": 0.200000017881393
      },
      {
        "x": 1,
        "y": 0
      },
      {
        "x": 1,
        "y": 0
      },
      {
        "x": 0.633333325386047,
        "y": 0.200000017881393
      },
      {
        "x": 0.498679876327515,
        "y": 0.200000017881393
      },
      {
        "x": 1,
        "y": 1
      },
      {
        "x": 0,
        "y": 1
      },
      {
        "x": 0,
        "y": 0
      },
      {
        "x": 0,
        "y": 0
      },
      {
        "x": 1,
        "y": 0
      },
      {
        "x": 1,
        "y": 1
      },
      {
        "x": 1,
        "y": 1
      },
      {
        "x": 0,
        "y": 1
      },
      {
        "x": 0,
        "y": 0
      },
      {
        "x": 0,
        "y": 0
      },
      {
        "x": 1,
        "y": 0
      },
      {
        "x": 1,
        "y": 1
      },
      {
        "x": 0.50495046377182,
        "y": 1
      },
      {
        "x": 0.504313766956329,
        "y": 0.626666724681854
      },
      {
        "x": 0.495049476623535,
        "y": 1
      },
      {
        "x": 0.495049476623535,
        "y": 1
      },
      {
        "x": 0.504313766956329,
        "y": 0.626666724681854
      },
      {
        "x": 0.494400054216385,
        "y": 0.619200050830841
      },
      {
        "x": 0.504313766956329,
        "y": 0.626666724681854
      },
      {
        "x": 0.50495046377182,
        "y": 0.50495046377182
      },
      {
        "x": 0.494400054216385,
        "y": 0.619200050830841
      },
      {
        "x": 0.494400054216385,
        "y": 0.619200050830841
      },
      {
        "x": 0.50495046377182,
        "y": 0.50495046377182
      },
      {
        "x": 0.495049476623535,
        "y": 0.495049476623535
      },
      {
        "x": 0.504950404167175,
        "y": 0.0196077823638916
      },
      {
        "x": 0.504950523376465,
        "y": 0
      },
      {
        "x": 0.495049506425858,
        "y": 0
      },
      {
        "x": 0.504950523376465,
        "y": 0.238095238804817
      },
      {
        "x": 0.504950404167175,
        "y": 0.0196077823638916
      },
      {
        "x": 0.495049506425858,
        "y": 0
      },
      {
        "x": 0.504950523376465,
        "y": 0.504950523376465
      },
      {
        "x": 0.504950523376465,
        "y": 0.238095238804817
      },
      {
        "x": 0.49504953622818,
        "y": 0.49504953622818
      },
      {
        "x": 0.49504953622818,
        "y": 0.49504953622818
      },
      {
        "x": 0.504950523376465,
        "y": 0.238095238804817
      },
      {
        "x": 0.495049506425858,
        "y": 0
      },
      {
        "x": 0.495049566030502,
        "y": 0.980392217636108
      },
      {
        "x": 0.49504953622818,
        "y": 1
      },
      {
        "x": 0.504950523376465,
        "y": 1
      },
      {
        "x": 0.495049476623535,
        "y": 0.619047522544861
      },
      {
        "x": 0.495049566030502,
        "y": 0.980392217636108
      },
      {
        "x": 0.504950523376465,
        "y": 1
      },
      {
        "x": 0.495049476623535,
        "y": 0.495049476623535
      },
      {
        "x": 0.495049476623535,
        "y": 0.619047522544861
      },
      {
        "x": 0.50495046377182,
        "y": 0.50495046377182
      },
      {
        "x": 0.50495046377182,
        "y": 0.50495046377182
      },
      {
        "x": 0.495049476623535,
        "y": 0.619047522544861
      },
      {
        "x": 0.504950523376465,
        "y": 1
      },
      {
        "x": 0.49504953622818,
        "y": 0
      },
      {
        "x": 0.495686262845993,
        "y": 0.233725488185883
      },
      {
        "x": 0.504950523376465,
        "y": 0
      },
      {
        "x": 0.504950523376465,
        "y": 0
      },
      {
        "x": 0.495686262845993,
        "y": 0.233725488185883
      },
      {
        "x": 0.505599975585938,
        "y": 0.238399997353554
      },
      {
        "x": 0.495686262845993,
        "y": 0.233725488185883
      },
      {
        "x": 0.49504953622818,
        "y": 0.49504953622818
      },
      {
        "x": 0.505599975585938,
        "y": 0.238399997353554
      },
      {
        "x": 0.505599975585938,
        "y": 0.238399997353554
      },
      {
        "x": 0.49504953622818,
        "y": 0.49504953622818
      },
      {
        "x": 0.504950523376465,
        "y": 0.504950523376465
      },
      {
        "x": 0.50495046377182,
        "y": 1
      },
      {
        "x": 0.504950523376465,
        "y": 0.504950523376465
      },
      {
        "x": 0.495049476623535,
        "y": 1
      },
      {
        "x": 0.495049476623535,
        "y": 1
      },
      {
        "x": 0.504950523376465,
        "y": 0.504950523376465
      },
      {
        "x": 0.49504953622818,
        "y": 0.49504953622818
      },
      {
        "x": 0.504950523376465,
        "y": 0.0196079015731812
      },
      {
        "x": 0.504950523376465,
        "y": 0
      },
      {
        "x": 0.495049506425858,
        "y": 0
      },
      {
        "x": 0.50495046377182,
        "y": 0.50495046377182
      },
      {
        "x": 0.504950523376465,
        "y": 0.0196079015731812
      },
      {
        "x": 0.495049476623535,
        "y": 0.495049476623535
      },
      {
        "x": 0.495049476623535,
        "y": 0.495049476623535
      },
      {
        "x": 0.504950523376465,
        "y": 0.0196079015731812
      },
      {
        "x": 0.495049506425858,
        "y": 0
      },
      {
        "x": 0.495049506425858,
        "y": 0.980392098426819
      },
      {
        "x": 0.49504953622818,
        "y": 1
      },
      {
        "x": 0.504950523376465,
        "y": 1
      },
      {
        "x": 0.49504953622818,
        "y": 0.49504953622818
      },
      {
        "x": 0.495049506425858,
        "y": 0.980392098426819
      },
      {
        "x": 0.504950523376465,
        "y": 0.504950523376465
      },
      {
        "x": 0.504950523376465,
        "y": 0.504950523376465
      },
      {
        "x": 0.495049506425858,
        "y": 0.980392098426819
      },
      {
        "x": 0.504950523376465,
        "y": 1
      },
      {
        "x": 0.49504953622818,
        "y": 0
      },
      {
        "x": 0.495049476623535,
        "y": 0.495049476623535
      },
      {
        "x": 0.504950523376465,
        "y": 0
      },
      {
        "x": 0.504950523376465,
        "y": 0
      },
      {
        "x": 0.495049476623535,
        "y": 0.495049476623535
      },
      {
        "x": 0.50495046377182,
        "y": 0.50495046377182
      }
    ],
    "vertices": [
      {
        "x": 0.5,
        "y": -0.499999970197678,
        "z": -0.499999910593033
      },
      {
        "x": 0.5,
        "y": -0.499999970197678,
        "z": 0.499999970197678
      },
      {
        "x": 0.5,
        "y": 0.499999970197678,
        "z": 0.499999970197678
      },
      {
        "x": 0.5,
        "y": 0.499999970197678,
        "z": 0.499999970197678
      },
      {
        "x": 0.5,
        "y": 0.499999970197678,
        "z": -0.499999910593033
      },
      {
        "x": 0.5,
        "y": -0.499999970197678,
        "z": -0.499999910593033
      },
      {
        "x": 0.5,
        "y": -0.499999970197678,
        "z": 0.499999970197678
      },
      {
        "x": -0.5,
        "y": -0.499999970197678,
        "z": 0.499999970197678
      },
      {
        "x": 0.133333325386047,
        "y": -0.400000005960464,
        "z": 0.499999970197678
      },
      {
        "x": 0.133333325386047,
        "y": -0.133333325386047,
        "z": 0.499999970197678
      },
      {
        "x": 0.5,
        "y": -0.499999970197678,
        "z": 0.499999970197678
      },
      {
        "x": 0.133333325386047,
        "y": -0.400000005960464,
        "z": 0.499999970197678
      },
      {
        "x": -0.133333325386047,
        "y": -0.0210526585578918,
        "z": 0.499999970197678
      },
      {
        "x": -0.5,
        "y": 0.499999970197678,
        "z": 0.499999970197678
      },
      {
        "x": -0.133333325386047,
        "y": 0.133333295583725,
        "z": 0.499999970197678
      },
      {
        "x": -0.5,
        "y": -0.499999970197678,
        "z": 0.499999970197678
      },
      {
        "x": -0.5,
        "y": 0.499999970197678,
        "z": 0.499999970197678
      },
      {
        "x": -0.133333325386047,
        "y": -0.400000005960464,
        "z": 0.499999970197678
      },
      {
        "x": 0.00132012367248535,
        "y": -0.400000005960464,
        "z": 0.499999970197678
      },
      {
        "x": 0.133333325386047,
        "y": -0.400000005960464,
        "z": 0.499999970197678
      },
      {
        "x": -0.5,
        "y": -0.499999970197678,
        "z": 0.499999970197678
      },
      {
        "x": -0.5,
        "y": -0.499999970197678,
        "z": 0.499999970197678
      },
      {
        "x": -0.133333325386047,
        "y": -0.400000005960464,
        "z": 0.499999970197678
      },
      {
        "x": 0.00132012367248535,
        "y": -0.400000005960464,
        "z": 0.499999970197678
      },
      {
        "x": -0.133333325386047,
        "y": -0.0534653663635254,
        "z": 0.499999970197678
      },
      {
        "x": -0.5,
        "y": 0.499999970197678,
        "z": 0.499999970197678
      },
      {
        "x": -0.133333325386047,
        "y": -0.0210526585578918,
        "z": 0.499999970197678
      },
      {
        "x": -0.133333325386047,
        "y": -0.400000005960464,
        "z": 0.499999970197678
      },
      {
        "x": -0.5,
        "y": 0.499999970197678,
        "z": 0.499999970197678
      },
      {
        "x": -0.133333325386047,
        "y": -0.0534653663635254,
        "z": 0.499999970197678
      },
      {
        "x": 0.5,
        "y": 0.499999970197678,
        "z": 0.499999970197678
      },
      {
        "x": 0.5,
        "y": -0.499999970197678,
        "z": 0.499999970197678
      },
      {
        "x": 0.133333325386047,
        "y": -0.0465346872806549,
        "z": 0.499999970197678
      },
      {
        "x": -0.133333325386047,
        "y": 0.133333295583725,
        "z": 0.499999970197678
      },
      {
        "x": -0.5,
        "y": 0.499999970197678,
        "z": 0.499999970197678
      },
      {
        "x": -0.133333325386047,
        "y": 0.183585196733475,
        "z": 0.499999970197678
      },
      {
        "x": 0.133333325386047,
        "y": -0.0465346872806549,
        "z": 0.499999970197678
      },
      {
        "x": 0.5,
        "y": -0.499999970197678,
        "z": 0.499999970197678
      },
      {
        "x": 0.133333325386047,
        "y": -0.133333325386047,
        "z": 0.499999970197678
      },
      {
        "x": -0.5,
        "y": 0.499999970197678,
        "z": 0.499999970197678
      },
      {
        "x": 0.5,
        "y": 0.499999970197678,
        "z": 0.499999970197678
      },
      {
        "x": 0.133333325386047,
        "y": 0.299999982118607,
        "z": 0.499999970197678
      },
      {
        "x": 0.5,
        "y": 0.499999970197678,
        "z": 0.499999970197678
      },
      {
        "x": 0.133333325386047,
        "y": -0.0465346872806549,
        "z": 0.499999970197678
      },
      {
        "x": 0.133333325386047,
        "y": 0.299999982118607,
        "z": 0.499999970197678
      },
      {
        "x": -0.133333325386047,
        "y": 0.183585196733475,
        "z": 0.499999970197678
      },
      {
        "x": -0.5,
        "y": 0.499999970197678,
        "z": 0.499999970197678
      },
      {
        "x": -0.133333325386047,
        "y": 0.299999982118607,
        "z": 0.499999970197678
      },
      {
        "x": -0.00132012367248535,
        "y": 0.299999982118607,
        "z": 0.499999970197678
      },
      {
        "x": -0.133333325386047,
        "y": 0.299999982118607,
        "z": 0.499999970197678
      },
      {
        "x": -0.5,
        "y": 0.499999970197678,
        "z": 0.499999970197678
      },
      {
        "x": -0.5,
        "y": 0.499999970197678,
        "z": 0.499999970197678
      },
      {
        "x": 0.133333325386047,
        "y": 0.299999982118607,
        "z": 0.499999970197678
      },
      {
        "x": -0.00132012367248535,
        "y": 0.299999982118607,
        "z": 0.499999970197678
      },
      {
        "x": -0.5,
        "y": -0.499999970197678,
        "z": 0.499999970197678
      },
      {
        "x": -0.5,
        "y": -0.499999970197678,
        "z": -0.499999910593033
      },
      {
        "x": -0.5,
        "y": 0.499999970197678,
        "z": -0.499999910593033
      },
      {
        "x": -0.5,
        "y": 0.499999970197678,
        "z": -0.499999910593033
      },
      {
        "x": -0.5,
        "y": 0.499999970197678,
        "z": 0.499999970197678
      },
      {
        "x": -0.5,
        "y": -0.499999970197678,
        "z": 0.499999970197678
      },
      {
        "x": -0.5,
        "y": -0.499999970197678,
        "z": -0.499999910593033
      },
      {
        "x": 0.5,
        "y": -0.499999970197678,
        "z": -0.499999910593033
      },
      {
        "x": 0.133333325386047,
        "y": -0.400000005960464,
        "z": -0.499999910593033
      },
      {
        "x": 0.5,
        "y": -0.499999970197678,
        "z": -0.499999910593033
      },
      {
        "x": 0.5,
        "y": 0.499999970197678,
        "z": -0.499999910593033
      },
      {
        "x": 0.133333325386047,
        "y": -0.400000005960464,
        "z": -0.499999910593033
      },
      {
        "x": -0.133333325386047,
        "y": -0.133333325386047,
        "z": -0.499999910593033
      },
      {
        "x": -0.5,
        "y": -0.499999970197678,
        "z": -0.499999910593033
      },
      {
        "x": -0.133333325386047,
        "y": -0.241479903459549,
        "z": -0.499999910593033
      },
      {
        "x": 0.133333325386047,
        "y": -0.0534653663635254,
        "z": -0.499999910593033
      },
      {
        "x": 0.5,
        "y": 0.499999970197678,
        "z": -0.499999910593033
      },
      {
        "x": 0.133333325386047,
        "y": 0.133333295583725,
        "z": -0.499999910593033
      },
      {
        "x": 0.133333325386047,
        "y": -0.400000005960464,
        "z": -0.499999910593033
      },
      {
        "x": 0.5,
        "y": 0.499999970197678,
        "z": -0.499999910593033
      },
      {
        "x": 0.133333325386047,
        "y": -0.0534653663635254,
        "z": -0.499999910593033
      },
      {
        "x": -0.00132012367248535,
        "y": -0.400000005960464,
        "z": -0.499999910593033
      },
      {
        "x": -0.133333325386047,
        "y": -0.400000005960464,
        "z": -0.499999910593033
      },
      {
        "x": -0.5,
        "y": -0.499999970197678,
        "z": -0.499999910593033
      },
      {
        "x": -0.5,
        "y": -0.499999970197678,
        "z": -0.499999910593033
      },
      {
        "x": 0.133333325386047,
        "y": -0.400000005960464,
        "z": -0.499999910593033
      },
      {
        "x": -0.00132012367248535,
        "y": -0.400000005960464,
        "z": -0.499999910593033
      },
      {
        "x": -0.133333325386047,
        "y": -0.241479903459549,
        "z": -0.499999910593033
      },
      {
        "x": -0.5,
        "y": -0.499999970197678,
        "z": -0.499999910593033
      },
      {
        "x": -0.133333325386047,
        "y": -0.400000005960464,
        "z": -0.499999910593033
      },
      {
        "x": 0.5,
        "y": 0.499999970197678,
        "z": -0.499999910593033
      },
      {
        "x": -0.5,
        "y": 0.499999970197678,
        "z": -0.499999910593033
      },
      {
        "x": 0.133333325386047,
        "y": 0.299999982118607,
        "z": -0.499999910593033
      },
      {
        "x": 0.133333325386047,
        "y": 0.133333295583725,
        "z": -0.499999910593033
      },
      {
        "x": 0.5,
        "y": 0.499999970197678,
        "z": -0.499999910593033
      },
      {
        "x": 0.133333325386047,
        "y": 0.299999982118607,
        "z": -0.499999910593033
      },
      {
        "x": -0.133333325386047,
        "y": -0.03684201836586,
        "z": -0.499999910593033
      },
      {
        "x": -0.5,
        "y": -0.499999970197678,
        "z": -0.499999910593033
      },
      {
        "x": -0.133333325386047,
        "y": -0.0465346872806549,
        "z": -0.499999910593033
      },
      {
        "x": -0.133333325386047,
        "y": -0.0465346872806549,
        "z": -0.499999910593033
      },
      {
        "x": -0.5,
        "y": -0.499999970197678,
        "z": -0.499999910593033
      },
      {
        "x": -0.133333325386047,
        "y": -0.133333325386047,
        "z": -0.499999910593033
      },
      {
        "x": -0.5,
        "y": 0.499999970197678,
        "z": -0.499999910593033
      },
      {
        "x": -0.5,
        "y": -0.499999970197678,
        "z": -0.499999910593033
      },
      {
        "x": -0.133333325386047,
        "y": 0.299999982118607,
        "z": -0.499999910593033
      },
      {
        "x": -0.133333325386047,
        "y": 0.299999982118607,
        "z": -0.499999910593033
      },
      {
        "x": -0.5,
        "y": -0.499999970197678,
        "z": -0.499999910593033
      },
      {
        "x": -0.133333325386047,
        "y": -0.03684201836586,
        "z": -0.499999910593033
      },
      {
        "x": 0.00132012367248535,
        "y": 0.299999982118607,
        "z": -0.499999910593033
      },
      {
        "x": 0.133333325386047,
        "y": 0.299999982118607,
        "z": -0.499999910593033
      },
      {
        "x": -0.5,
        "y": 0.499999970197678,
        "z": -0.499999910593033
      },
      {
        "x": -0.5,
        "y": 0.499999970197678,
        "z": -0.499999910593033
      },
      {
        "x": -0.133333325386047,
        "y": 0.299999982118607,
        "z": -0.499999910593033
      },
      {
        "x": 0.00132012367248535,
        "y": 0.299999982118607,
        "z": -0.499999910593033
      },
      {
        "x": 0.5,
        "y": 0.499999970197678,
        "z": -0.499999910593033
      },
      {
        "x": 0.5,
        "y": 0.499999970197678,
        "z": 0.499999970197678
      },
      {
        "x": -0.5,
        "y": 0.499999970197678,
        "z": 0.499999970197678
      },
      {
        "x": -0.5,
        "y": 0.499999970197678,
        "z": 0.499999970197678
      },
      {
        "x": -0.5,
        "y": 0.499999970197678,
        "z": -0.499999910593033
      },
      {
        "x": 0.5,
        "y": 0.499999970197678,
        "z": -0.499999910593033
      },
      {
        "x": 0.5,
        "y": -0.499999970197678,
        "z": 0.499999970197678
      },
      {
        "x": 0.5,
        "y": -0.499999970197678,
        "z": -0.499999910593033
      },
      {
        "x": -0.5,
        "y": -0.499999970197678,
        "z": -0.499999910593033
      },
      {
        "x": -0.5,
        "y": -0.499999970197678,
        "z": -0.499999910593033
      },
      {
        "x": -0.5,
        "y": -0.499999970197678,
        "z": 0.499999970197678
      },
      {
        "x": 0.5,
        "y": -0.499999970197678,
        "z": 0.499999970197678
      },
      {
        "x": 0.133333325386047,
        "y": -0.400000005960464,
        "z": -0.499999910593033
      },
      {
        "x": 0.133333325386047,
        "y": -0.138562083244324,
        "z": -0.499999970197678
      },
      {
        "x": 0.133333325386047,
        "y": -0.400000005960464,
        "z": 0.499999970197678
      },
      {
        "x": 0.133333325386047,
        "y": -0.400000005960464,
        "z": 0.499999970197678
      },
      {
        "x": 0.133333325386047,
        "y": -0.138562083244324,
        "z": -0.499999970197678
      },
      {
        "x": 0.133333325386047,
        "y": -0.133333325386047,
        "z": 0.499999970197678
      },
      {
        "x": 0.133333325386047,
        "y": -0.138562083244324,
        "z": -0.499999970197678
      },
      {
        "x": 0.133333325386047,
        "y": -0.0534653663635254,
        "z": -0.499999910593033
      },
      {
        "x": 0.133333325386047,
        "y": -0.133333325386047,
        "z": 0.499999970197678
      },
      {
        "x": 0.133333325386047,
        "y": -0.133333325386047,
        "z": 0.499999970197678
      },
      {
        "x": 0.133333325386047,
        "y": -0.0534653663635254,
        "z": -0.499999910593033
      },
      {
        "x": 0.133333325386047,
        "y": -0.0465346872806549,
        "z": 0.499999970197678
      },
      {
        "x": 0.133333325386047,
        "y": 0.286274492740631,
        "z": -0.499999970197678
      },
      {
        "x": 0.133333325386047,
        "y": 0.299999982118607,
        "z": -0.499999910593033
      },
      {
        "x": 0.133333325386047,
        "y": 0.299999982118607,
        "z": 0.499999970197678
      },
      {
        "x": 0.133333325386047,
        "y": 0.133333295583725,
        "z": -0.499999910593033
      },
      {
        "x": 0.133333325386047,
        "y": 0.286274492740631,
        "z": -0.499999970197678
      },
      {
        "x": 0.133333325386047,
        "y": 0.299999982118607,
        "z": 0.499999970197678
      },
      {
        "x": 0.133333325386047,
        "y": -0.0534653663635254,
        "z": -0.499999910593033
      },
      {
        "x": 0.133333325386047,
        "y": 0.133333295583725,
        "z": -0.499999910593033
      },
      {
        "x": 0.133333325386047,
        "y": -0.0465346872806549,
        "z": 0.499999970197678
      },
      {
        "x": 0.133333325386047,
        "y": -0.0465346872806549,
        "z": 0.499999970197678
      },
      {
        "x": 0.133333325386047,
        "y": 0.133333295583725,
        "z": -0.499999910593033
      },
      {
        "x": 0.133333325386047,
        "y": 0.299999982118607,
        "z": 0.499999970197678
      },
      {
        "x": -0.133333325386047,
        "y": -0.386274516582489,
        "z": -0.499999970197678
      },
      {
        "x": -0.133333325386047,
        "y": -0.400000005960464,
        "z": -0.499999910593033
      },
      {
        "x": -0.133333325386047,
        "y": -0.400000005960464,
        "z": 0.499999970197678
      },
      {
        "x": -0.133333325386047,
        "y": -0.133333325386047,
        "z": -0.499999910593033
      },
      {
        "x": -0.133333325386047,
        "y": -0.386274516582489,
        "z": -0.499999970197678
      },
      {
        "x": -0.133333325386047,
        "y": -0.400000005960464,
        "z": 0.499999970197678
      },
      {
        "x": -0.133333325386047,
        "y": -0.0465346872806549,
        "z": -0.499999910593033
      },
      {
        "x": -0.133333325386047,
        "y": -0.133333325386047,
        "z": -0.499999910593033
      },
      {
        "x": -0.133333325386047,
        "y": -0.0534653663635254,
        "z": 0.499999970197678
      },
      {
        "x": -0.133333325386047,
        "y": -0.0534653663635254,
        "z": 0.499999970197678
      },
      {
        "x": -0.133333325386047,
        "y": -0.133333325386047,
        "z": -0.499999910593033
      },
      {
        "x": -0.133333325386047,
        "y": -0.400000005960464,
        "z": 0.499999970197678
      },
      {
        "x": -0.133333325386047,
        "y": 0.299999982118607,
        "z": -0.499999910593033
      },
      {
        "x": -0.133333325386047,
        "y": 0.13660129904747,
        "z": -0.499999970197678
      },
      {
        "x": -0.133333325386047,
        "y": 0.299999982118607,
        "z": 0.499999970197678
      },
      {
        "x": -0.133333325386047,
        "y": 0.299999982118607,
        "z": 0.499999970197678
      },
      {
        "x": -0.133333325386047,
        "y": 0.13660129904747,
        "z": -0.499999970197678
      },
      {
        "x": -0.133333325386047,
        "y": 0.133333295583725,
        "z": 0.499999970197678
      },
      {
        "x": -0.133333325386047,
        "y": 0.13660129904747,
        "z": -0.499999970197678
      },
      {
        "x": -0.133333325386047,
        "y": -0.0465346872806549,
        "z": -0.499999910593033
      },
      {
        "x": -0.133333325386047,
        "y": 0.133333295583725,
        "z": 0.499999970197678
      },
      {
        "x": -0.133333325386047,
        "y": 0.133333295583725,
        "z": 0.499999970197678
      },
      {
        "x": -0.133333325386047,
        "y": -0.0465346872806549,
        "z": -0.499999910593033
      },
      {
        "x": -0.133333325386047,
        "y": -0.0534653663635254,
        "z": 0.499999970197678
      },
      {
        "x": 0.133333325386047,
        "y": 0.299999982118607,
        "z": -0.499999910593033
      },
      {
        "x": 0.00132012367248535,
        "y": 0.299999982118607,
        "z": -0.499999910593033
      },
      {
        "x": 0.133333325386047,
        "y": 0.299999982118607,
        "z": 0.499999970197678
      },
      {
        "x": 0.133333325386047,
        "y": 0.299999982118607,
        "z": 0.499999970197678
      },
      {
        "x": 0.00132012367248535,
        "y": 0.299999982118607,
        "z": -0.499999910593033
      },
      {
        "x": -0.00132012367248535,
        "y": 0.299999982118607,
        "z": 0.499999970197678
      },
      {
        "x": -0.128104537725449,
        "y": 0.299999982118607,
        "z": -0.499999970197678
      },
      {
        "x": -0.133333325386047,
        "y": 0.299999982118607,
        "z": -0.499999910593033
      },
      {
        "x": -0.133333325386047,
        "y": 0.299999982118607,
        "z": 0.499999970197678
      },
      {
        "x": 0.00132012367248535,
        "y": 0.299999982118607,
        "z": -0.499999910593033
      },
      {
        "x": -0.128104537725449,
        "y": 0.299999982118607,
        "z": -0.499999970197678
      },
      {
        "x": -0.00132012367248535,
        "y": 0.299999982118607,
        "z": 0.499999970197678
      },
      {
        "x": -0.00132012367248535,
        "y": 0.299999982118607,
        "z": 0.499999970197678
      },
      {
        "x": -0.128104537725449,
        "y": 0.299999982118607,
        "z": -0.499999970197678
      },
      {
        "x": -0.133333325386047,
        "y": 0.299999982118607,
        "z": 0.499999970197678
      },
      {
        "x": 0.128104567527771,
        "y": -0.400000005960464,
        "z": -0.499999970197678
      },
      {
        "x": 0.133333325386047,
        "y": -0.400000005960464,
        "z": -0.499999910593033
      },
      {
        "x": 0.133333325386047,
        "y": -0.400000005960464,
        "z": 0.499999970197678
      },
      {
        "x": -0.00132012367248535,
        "y": -0.400000005960464,
        "z": -0.499999910593033
      },
      {
        "x": 0.128104567527771,
        "y": -0.400000005960464,
        "z": -0.499999970197678
      },
      {
        "x": 0.00132012367248535,
        "y": -0.400000005960464,
        "z": 0.499999970197678
      },
      {
        "x": 0.00132012367248535,
        "y": -0.400000005960464,
        "z": 0.499999970197678
      },
      {
        "x": 0.128104567527771,
        "y": -0.400000005960464,
        "z": -0.499999970197678
      },
      {
        "x": 0.133333325386047,
        "y": -0.400000005960464,
        "z": 0.499999970197678
      },
      {
        "x": -0.133333325386047,
        "y": -0.400000005960464,
        "z": -0.499999910593033
      },
      {
        "x": -0.00132012367248535,
        "y": -0.400000005960464,
        "z": -0.499999910593033
      },
      {
        "x": -0.133333325386047,
        "y": -0.400000005960464,
        "z": 0.499999970197678
      },
      {
        "x": -0.133333325386047,
        "y": -0.400000005960464,
        "z": 0.499999970197678
      },
      {
        "x": -0.00132012367248535,
        "y": -0.400000005960464,
        "z": -0.499999910593033
      },
      {
        "x": 0.00132012367248535,
        "y": -0.400000005960464,
        "z": 0.499999970197678
      }
    ]
  }
}