{
  "additionalData": {
    "local_transform": [
      "2.12132 -1.41421 0 2.12132 1.41421 0 0 0 2 0 2.38419e-07 0",
      "2 0 0 0 2 0 0 0 2 -0.651396 0.777111 0"
    ],
    "tillBaseScale": {
      "x": 2.99999928474426,
      "y": 1.99999940395355,
      "z": 1.99999928474426
    }
  },
  "basicShapesData": [
    {
      "class": "Part",
      "properties": {
        "angleVelocity": "x:0 y:0 z:0",
        "bakeTextureWeight": "1",
        "batchType": "Dynamic",
        "bloom": "false",
        "booleanOperation": "1",
        "cameraCollideEnable": "true",
        "canAcceptShadow": "true",
        "canGenerateShadow": "true",
        "castShadow": "true",
        "collisionFidelity": "0",
        "collisionGroup": "1",
        "collisionUniqueKey": "",
        "customColor": "r:1 g:1 b:1 a:1",
        "customShapeData": "1",
        "customThreshold": "1",
        "density": "2.2",
        "friction": "0.37",
        "id": "8770102712690851841",
        "individual": "false",
        "isLockedInEditor": "false",
        "isSelectInEditor": "false",
        "isVisibleInEditor": "true",
        "lineVelocity": "x:0 y:0 z:0",
        "localAnchorPoint": "x:0 y:0 z:0",
        "materialAlpha": "1",
        "materialColor": "r:1 g:1 b:1 a:1",
        "materialOffset": "x:1 y:1 z:1",
        "materialTexture": "part_suliao.tga",
        "name": "Part",
        "needSync": "true",
        "networkOwner": "0",
        "originSize": "x:1 y:1 z:1",
        "partNavMeshType": "1",
        "position": "x:-7.3486 y:0.22289 z:-20",
        "receiveShadow": "true",
        "restitution": "0.3",
        "rotation": "x:0 y:0 z:45",
        "scale": "x:3 y:2 z:2",
        "selectable": "true",
        "shape": "1",
        "sides": "24",
        "sideStack": "5",
        "sphereDivision": "3",
        "staticBatchNo": "",
        "staticObject": "false",
        "templateInstanceId": "8770102712690851841",
        "travel": "false",
        "unionLastBox": "false",
        "useAnchor": "false",
        "useCollide": "true",
        "useGravity": "true",
        "usePhysics": "true"
      }
    },
    {
      "class": "Part",
      "properties": {
        "angleVelocity": "x:0 y:0 z:0",
        "bakeTextureWeight": "1",
        "batchType": "Dynamic",
        "bloom": "false",
        "booleanOperation": "0",
        "cameraCollideEnable": "true",
        "canAcceptShadow": "true",
        "canGenerateShadow": "true",
        "castShadow": "true",
        "collisionFidelity": "0",
        "collisionGroup": "1",
        "collisionUniqueKey": "",
        "customColor": "r:1 g:1 b:1 a:1",
        "customShapeData": "1",
        "customThreshold": "1",
        "density": "2.2",
        "friction": "0.37",
        "id": "8770102712698355713",
        "individual": "false",
        "isLockedInEditor": "false",
        "isSelectInEditor": "false",
        "isVisibleInEditor": "true",
        "lineVelocity": "x:0 y:0 z:0",
        "localAnchorPoint": "x:0 y:0 z:0",
        "materialAlpha": "1",
        "materialColor": "r:1 g:1 b:1 a:1",
        "materialOffset": "x:1 y:1 z:1",
        "materialTexture": "part_suliao.tga",
        "name": "Part",
        "needSync": "true",
        "networkOwner": "0",
        "originSize": "x:1 y:1 z:1",
        "partNavMeshType": "1",
        "position": "x:-8 y:1 z:-20",
        "receiveShadow": "true",
        "restitution": "0.3",
        "rotation": "x:-0 y:0 z:0",
        "scale": "x:2 y:2 z:2",
        "selectable": "true",
        "shape": "1",
        "sides": "24",
        "sideStack": "5",
        "sphereDivision": "3",
        "staticBatchNo": "",
        "staticObject": "false",
        "templateInstanceId": "8770102712698355713",
        "travel": "false",
        "unionLastBox": "false",
        "useAnchor": "false",
        "useCollide": "true",
        "useGravity": "true",
        "usePhysics": "true"
      }
    }
  ],
  "brushData": {
    "colors": [
      0,
      0,
      0,
      0,
      0,
      0,
      0,
      0,
      0,
      0,
      0,
      0,
      0,
      0,
      0,
      0,
      0,
      0,
      0,
      0,
      0,
      0,
      0,
      0,
      0,
      0,
      0,
      0,
      0,
      0,
      0,
      0,
      0
    ],
    "lightmapUVs": [
      {
        "x": 0.309041976928711,
        "y": 0.485178738832474
      },
      {
        "x": 0.733072936534882,
        "y": 0.846992135047913
      },
      {
        "x": 0.305989593267441,
        "y": 0.485178738832474
      },
      {
        "x": 0.733072936534882,
        "y": 0.846992135047913
      },
      {
        "x": 0.305989593267441,
        "y": 0.79367595911026
      },
      {
        "x": 0.305989593267441,
        "y": 0.485178738832474
      },
      {
        "x": 0.733072936534882,
        "y": 0.846992135047913
      },
      {
        "x": 0.305989593267441,
        "y": 0.846992135047913
      },
      {
        "x": 0.305989593267441,
        "y": 0.79367595911026
      },
      {
        "x": 0.48503902554512,
        "y": 0.485178738832474
      },
      {
        "x": 0.733072936534882,
        "y": 0.488786727190018
      },
      {
        "x": 0.309041976928711,
        "y": 0.485178738832474
      },
      {
        "x": 0.733072936534882,
        "y": 0.488786727190018
      },
      {
        "x": 0.733072936534882,
        "y": 0.846992135047913
      },
      {
        "x": 0.309041976928711,
        "y": 0.485178738832474
      },
      {
        "x": 0.732076227664948,
        "y": 0.485178738832474
      },
      {
        "x": 0.733072936534882,
        "y": 0.485178738832474
      },
      {
        "x": 0.733072936534882,
        "y": 0.488786727190018
      },
      {
        "x": 0.732076227664948,
        "y": 0.485178738832474
      },
      {
        "x": 0.733072936534882,
        "y": 0.488786727190018
      },
      {
        "x": 0.48503902554512,
        "y": 0.485178738832474
      },
      {
        "x": 0.334641993045807,
        "y": 0.913711726665497
      },
      {
        "x": 0.285823047161102,
        "y": 0.98299914598465
      },
      {
        "x": 0.380642354488373,
        "y": 0.98299914598465
      },
      {
        "x": 0.0816509202122688,
        "y": 0.941994905471802
      },
      {
        "x": 0.0203993059694767,
        "y": 0.98299914598465
      },
      {
        "x": 0.285823047161102,
        "y": 0.98299914598465
      },
      {
        "x": 0.269798338413239,
        "y": 0.816041827201843
      },
      {
        "x": 0.0816509202122688,
        "y": 0.941994905471802
      },
      {
        "x": 0.334641993045807,
        "y": 0.913711726665497
      },
      {
        "x": 0.0816509202122688,
        "y": 0.941994905471802
      },
      {
        "x": 0.285823047161102,
        "y": 0.98299914598465
      },
      {
        "x": 0.334641993045807,
        "y": 0.913711726665497
      },
      {
        "x": 0.26092392206192,
        "y": 0.802674829959869
      },
      {
        "x": 0.0408165268599987,
        "y": 0.933794021606445
      },
      {
        "x": 0.269798338413239,
        "y": 0.816041827201843
      },
      {
        "x": 0.0408165268599987,
        "y": 0.933794021606445
      },
      {
        "x": 0.0816509202122688,
        "y": 0.941994905471802
      },
      {
        "x": 0.269798338413239,
        "y": 0.816041827201843
      },
      {
        "x": 0.0408165268599987,
        "y": 0.933794021606445
      },
      {
        "x": 0.0203993059694767,
        "y": 0.98299914598465
      },
      {
        "x": 0.0816509202122688,
        "y": 0.941994905471802
      },
      {
        "x": 0.158954352140427,
        "y": 0.649084568023682
      },
      {
        "x": 0.0408165268599987,
        "y": 0.933794021606445
      },
      {
        "x": 0.26092392206192,
        "y": 0.802674829959869
      },
      {
        "x": 0.861488580703735,
        "y": 0.667109549045563
      },
      {
        "x": 0.929103851318359,
        "y": 1.00043594837189
      },
      {
        "x": 0.861879050731659,
        "y": 0.666521370410919
      },
      {
        "x": 0.929103851318359,
        "y": 1.00043594837189
      },
      {
        "x": 0.863260686397552,
        "y": 0.669851124286652
      },
      {
        "x": 0.861879050731659,
        "y": 0.666521370410919
      },
      {
        "x": 0.929103851318359,
        "y": 1.00043594837189
      },
      {
        "x": 1.00043404102325,
        "y": 1.00043594837189
      },
      {
        "x": 0.863260686397552,
        "y": 0.669851124286652
      },
      {
        "x": 0.640190958976746,
        "y": 1.00043594837189
      },
      {
        "x": 0.929103851318359,
        "y": 1.00043594837189
      },
      {
        "x": 0.861488580703735,
        "y": 0.667109549045563
      },
      {
        "x": 0.405815958976746,
        "y": 0.0549401268362999
      },
      {
        "x": 0.766059041023254,
        "y": 0.480819523334503
      },
      {
        "x": 0.405815988779068,
        "y": 0.0518744550645351
      },
      {
        "x": 0.766059041023254,
        "y": 0.480819523334503
      },
      {
        "x": 0.694728851318359,
        "y": 0.0518744550645351
      },
      {
        "x": 0.405815988779068,
        "y": 0.0518744550645351
      },
      {
        "x": 0.766059041023254,
        "y": 0.480819523334503
      },
      {
        "x": 0.766059041023254,
        "y": 0.0518744550645351
      },
      {
        "x": 0.694728851318359,
        "y": 0.0518744550645351
      },
      {
        "x": 0.405815988779068,
        "y": 0.0632933676242828
      },
      {
        "x": 0.500635325908661,
        "y": 0.480819523334503
      },
      {
        "x": 0.405815958976746,
        "y": 0.0549401268362999
      },
      {
        "x": 0.500635325908661,
        "y": 0.480819523334503
      },
      {
        "x": 0.766059041023254,
        "y": 0.480819523334503
      },
      {
        "x": 0.405815958976746,
        "y": 0.0549401268362999
      },
      {
        "x": 0.405815988779068,
        "y": 0.454398393630981
      },
      {
        "x": 0.405816048383713,
        "y": 0.480819523334503
      },
      {
        "x": 0.500635325908661,
        "y": 0.480819523334503
      },
      {
        "x": 0.405815988779068,
        "y": 0.454398393630981
      },
      {
        "x": 0.500635325908661,
        "y": 0.480819523334503
      },
      {
        "x": 0.405815988779068,
        "y": 0.0632933676242828
      },
      {
        "x": 0.200520887970924,
        "y": 0.000435919791925699
      },
      {
        "x": 0.000434078683611006,
        "y": 0.000435919791925699
      },
      {
        "x": 0.400607615709305,
        "y": 0.00350162107497454
      },
      {
        "x": 0.400607615709305,
        "y": 0.00350162107497454
      },
      {
        "x": 0.400607615709305,
        "y": 0.000435919791925699
      },
      {
        "x": 0.200520887970924,
        "y": 0.000435919791925699
      },
      {
        "x": 0.000434053246863186,
        "y": 0.0268570780754089
      },
      {
        "x": 0.400607645511627,
        "y": 0.428379982709885
      },
      {
        "x": 0.000434078683611006,
        "y": 0.000435919791925699
      },
      {
        "x": 0.400607645511627,
        "y": 0.428379982709885
      },
      {
        "x": 0.400607615709305,
        "y": 0.00350162107497454
      },
      {
        "x": 0.000434078683611006,
        "y": 0.000435919791925699
      },
      {
        "x": 0.400607645511627,
        "y": 0.429380983114243
      },
      {
        "x": 0.400607645511627,
        "y": 0.428379982709885
      },
      {
        "x": 0.000434053246863186,
        "y": 0.0268570780754089
      },
      {
        "x": 0.000434053246863186,
        "y": 0.426315307617188
      },
      {
        "x": 0.000434027781011537,
        "y": 0.429380983114243
      },
      {
        "x": 0.400607645511627,
        "y": 0.429380983114243
      },
      {
        "x": 0.000434053246863186,
        "y": 0.426315307617188
      },
      {
        "x": 0.400607645511627,
        "y": 0.429380983114243
      },
      {
        "x": 0.000434053246863186,
        "y": 0.0268570780754089
      }
    ],
    "uv2s": [
      {
        "x": 0.00714707374572754,
        "y": 0
      },
      {
        "x": 1.00000023841858,
        "y": 0.702053189277649
      },
      {
        "x": 0,
        "y": 0
      },
      {
        "x": 1.00000023841858,
        "y": 0.702053189277649
      },
      {
        "x": 0,
        "y": 0.598599910736084
      },
      {
        "x": 0,
        "y": 0
      },
      {
        "x": 1.00000023841858,
        "y": 0.702053189277649
      },
      {
        "x": 0,
        "y": 0.702053189277649
      },
      {
        "x": 0,
        "y": 0.598599910736084
      },
      {
        "x": 0.419237732887268,
        "y": 5.96046447753906e-08
      },
      {
        "x": 1.00000023841858,
        "y": 0.00700092315673828
      },
      {
        "x": 0.00714707374572754,
        "y": 0
      },
      {
        "x": 1.00000023841858,
        "y": 0.00700092315673828
      },
      {
        "x": 1.00000023841858,
        "y": 0.702053189277649
      },
      {
        "x": 0.00714707374572754,
        "y": 0
      },
      {
        "x": 0.997666656970978,
        "y": 5.96046447753906e-08
      },
      {
        "x": 1.00000023841858,
        "y": 5.96046447753906e-08
      },
      {
        "x": 1.00000023841858,
        "y": 0.00700092315673828
      },
      {
        "x": 0.997666656970978,
        "y": 5.96046447753906e-08
      },
      {
        "x": 1.00000023841858,
        "y": 0.00700092315673828
      },
      {
        "x": 0.419237732887268,
        "y": 5.96046447753906e-08
      },
      {
        "x": 0.194235265254974,
        "y": 5.96046447753906e-08
      },
      {
        "x": 0.123191356658936,
        "y": 0.184786915779114
      },
      {
        "x": 1.19209289550781e-07,
        "y": 1.19209289550781e-07
      },
      {
        "x": 0.4680355489254,
        "y": 0.5296311378479
      },
      {
        "x": 0.468035519123077,
        "y": 0.702053189277649
      },
      {
        "x": 0.123191356658936,
        "y": 0.184786915779114
      },
      {
        "x": 0.468035578727722,
        "y": 5.96046447753906e-08
      },
      {
        "x": 0.4680355489254,
        "y": 0.5296311378479
      },
      {
        "x": 0.194235265254974,
        "y": 5.96046447753906e-08
      },
      {
        "x": 0.4680355489254,
        "y": 0.5296311378479
      },
      {
        "x": 0.123191356658936,
        "y": 0.184786915779114
      },
      {
        "x": 0.194235265254974,
        "y": 5.96046447753906e-08
      },
      {
        "x": 0.505507528781891,
        "y": 5.96046447753906e-08
      },
      {
        "x": 0.537004351615906,
        "y": 0.598599910736084
      },
      {
        "x": 0.468035578727722,
        "y": 5.96046447753906e-08
      },
      {
        "x": 0.537004351615906,
        "y": 0.598599910736084
      },
      {
        "x": 0.4680355489254,
        "y": 0.5296311378479
      },
      {
        "x": 0.468035578727722,
        "y": 5.96046447753906e-08
      },
      {
        "x": 0.537004351615906,
        "y": 0.598599910736084
      },
      {
        "x": 0.468035519123077,
        "y": 0.702053189277649
      },
      {
        "x": 0.4680355489254,
        "y": 0.5296311378479
      },
      {
        "x": 0.93607085943222,
        "y": 0
      },
      {
        "x": 0.537004351615906,
        "y": 0.598599910736084
      },
      {
        "x": 0.505507528781891,
        "y": 5.96046447753906e-08
      },
      {
        "x": 0.00164890289306641,
        "y": 5.96046447753906e-08
      },
      {
        "x": 0.560709059238434,
        "y": 0.56304258108139
      },
      {
        "x": 0,
        "y": 5.96046447753906e-08
      },
      {
        "x": 0.560709059238434,
        "y": 0.56304258108139
      },
      {
        "x": 0.00466722249984741,
        "y": 0.00700092315673828
      },
      {
        "x": 0,
        "y": 5.96046447753906e-08
      },
      {
        "x": 0.560709059238434,
        "y": 0.56304258108139
      },
      {
        "x": 0.468035399913788,
        "y": 0.702053189277649
      },
      {
        "x": 0.00466722249984741,
        "y": 0.00700092315673828
      },
      {
        "x": 0.936070919036865,
        "y": 5.96046447753906e-08
      },
      {
        "x": 0.560709059238434,
        "y": 0.56304258108139
      },
      {
        "x": 0.00164890289306641,
        "y": 5.96046447753906e-08
      },
      {
        "x": 0.00714701414108276,
        "y": 0
      },
      {
        "x": 1.00000023841858,
        "y": 0.702053189277649
      },
      {
        "x": 0,
        "y": 5.96046447753906e-08
      },
      {
        "x": 1.00000023841858,
        "y": 0.702053189277649
      },
      {
        "x": 0,
        "y": 0.56304258108139
      },
      {
        "x": 0,
        "y": 1.19209289550781e-07
      },
      {
        "x": 1.00000023841858,
        "y": 0.702053189277649
      },
      {
        "x": 0,
        "y": 0.702053189277649
      },
      {
        "x": 0,
        "y": 0.56304258108139
      },
      {
        "x": 0.0266209244728088,
        "y": 5.96046447753906e-08
      },
      {
        "x": 1.00000023841858,
        "y": 0.184786915779114
      },
      {
        "x": 0.00714701414108276,
        "y": 0
      },
      {
        "x": 1.00000023841858,
        "y": 0.184786915779114
      },
      {
        "x": 1.00000023841858,
        "y": 0.702053189277649
      },
      {
        "x": 0.00714701414108276,
        "y": 0
      },
      {
        "x": 0.938404560089111,
        "y": 5.96046447753906e-08
      },
      {
        "x": 1.00000023841858,
        "y": 1.19209289550781e-07
      },
      {
        "x": 1.00000023841858,
        "y": 0.184786915779114
      },
      {
        "x": 0.938404560089111,
        "y": 5.96046447753906e-08
      },
      {
        "x": 1.00000023841858,
        "y": 0.184786915779114
      },
      {
        "x": 0.0266209244728088,
        "y": 5.96046447753906e-08
      },
      {
        "x": 0,
        "y": 0.468035578727722
      },
      {
        "x": 0,
        "y": 1.19209289550781e-07
      },
      {
        "x": 0.00714707374572754,
        "y": 0.93607085943222
      },
      {
        "x": 0.00714707374572754,
        "y": 0.93607085943222
      },
      {
        "x": 0,
        "y": 0.93607085943222
      },
      {
        "x": 0,
        "y": 0.468035578727722
      },
      {
        "x": 0.0615956783294678,
        "y": 5.96046447753906e-08
      },
      {
        "x": 0.997666656970978,
        "y": 0.936070919036865
      },
      {
        "x": 0,
        "y": 1.19209289550781e-07
      },
      {
        "x": 0.997666656970978,
        "y": 0.936070919036865
      },
      {
        "x": 0.00714707374572754,
        "y": 0.93607085943222
      },
      {
        "x": 0,
        "y": 1.19209289550781e-07
      },
      {
        "x": 1.00000023841858,
        "y": 0.936070919036865
      },
      {
        "x": 0.997666656970978,
        "y": 0.936070919036865
      },
      {
        "x": 0.0615956783294678,
        "y": 5.96046447753906e-08
      },
      {
        "x": 0.992853224277496,
        "y": 5.96046447753906e-08
      },
      {
        "x": 1.00000023841858,
        "y": 0
      },
      {
        "x": 1.00000023841858,
        "y": 0.936070919036865
      },
      {
        "x": 0.992853224277496,
        "y": 5.96046447753906e-08
      },
      {
        "x": 1.00000023841858,
        "y": 0.936070919036865
      },
      {
        "x": 0.0615956783294678,
        "y": 5.96046447753906e-08
      }
    ],
    "uv3s": [
      {
        "x": 0.00714706676080823,
        "y": 0.00714706676080823
      },
      {
        "x": 1,
        "y": 1
      },
      {
        "x": 0,
        "y": 0.00714701414108276
      },
      {
        "x": 1,
        "y": 1
      },
      {
        "x": 0,
        "y": 0.853694975376129
      },
      {
        "x": 0,
        "y": 0.00714701414108276
      },
      {
        "x": 1,
        "y": 1
      },
      {
        "x": 0,
        "y": 1
      },
      {
        "x": 0,
        "y": 0.853694975376129
      },
      {
        "x": 0.419237673282623,
        "y": 0.00714705884456635
      },
      {
        "x": 1,
        "y": 0.0170477498322725
      },
      {
        "x": 0.00714701414108276,
        "y": 0.00714701414108276
      },
      {
        "x": 1,
        "y": 0.0170477498322725
      },
      {
        "x": 1,
        "y": 1
      },
      {
        "x": 0.00714701414108276,
        "y": 0.00714701414108276
      },
      {
        "x": 0.997666597366333,
        "y": 0.00713038118556142
      },
      {
        "x": 1,
        "y": 0.00714705837890506
      },
      {
        "x": 1,
        "y": 0.0170477498322725
      },
      {
        "x": 0.997666597366333,
        "y": 0.00713038118556142
      },
      {
        "x": 1,
        "y": 0.0170477498322725
      },
      {
        "x": 0.419237673282623,
        "y": 0.00714705884456635
      },
      {
        "x": 0.543465137481689,
        "y": 1.34951078891754
      },
      {
        "x": 0.684479951858521,
        "y": 1.69967305660248
      },
      {
        "x": 0.0182216111570597,
        "y": 1.69967305660248
      },
      {
        "x": 2.23867154121399,
        "y": 1.49244749546051
      },
      {
        "x": 2.54950976371765,
        "y": 1.69967305660248
      },
      {
        "x": 0.684479951858521,
        "y": 1.69967305660248
      },
      {
        "x": 1.28386569023132,
        "y": 0.855910360813141
      },
      {
        "x": 2.23867154121399,
        "y": 1.49244749546051
      },
      {
        "x": 0.543465137481689,
        "y": 1.34951078891754
      },
      {
        "x": 2.23867154121399,
        "y": 1.49244749546051
      },
      {
        "x": 0.684479951858521,
        "y": 1.69967305660248
      },
      {
        "x": 0.543465137481689,
        "y": 1.34951078891754
      },
      {
        "x": 1.38519620895386,
        "y": 0.788356721401215
      },
      {
        "x": 2.54950976371765,
        "y": 1.45100259780884
      },
      {
        "x": 1.28386580944061,
        "y": 0.85591048002243
      },
      {
        "x": 2.54950976371765,
        "y": 1.45100259780884
      },
      {
        "x": 2.23867154121399,
        "y": 1.4924476146698
      },
      {
        "x": 1.28386580944061,
        "y": 0.85591048002243
      },
      {
        "x": 2.54950976371765,
        "y": 1.45100259780884
      },
      {
        "x": 2.54950976371765,
        "y": 1.69967305660248
      },
      {
        "x": 2.23867154121399,
        "y": 1.4924476146698
      },
      {
        "x": 2.54950976371765,
        "y": 0.0121479006484151
      },
      {
        "x": 2.54950976371765,
        "y": 1.45100259780884
      },
      {
        "x": 1.38519620895386,
        "y": 0.788356721401215
      },
      {
        "x": 0.00445869704708457,
        "y": 0.0151200741529465
      },
      {
        "x": 0.501209676265717,
        "y": 1.69967305660248
      },
      {
        "x": 0,
        "y": 0.0121475178748369
      },
      {
        "x": 0.501209676265717,
        "y": 1.69967305660248
      },
      {
        "x": 0,
        "y": 0.0289754197001457
      },
      {
        "x": 0,
        "y": 0.0121475178748369
      },
      {
        "x": 0.501209676265717,
        "y": 1.69967305660248
      },
      {
        "x": 0,
        "y": 1.69967305660248
      },
      {
        "x": 0,
        "y": 0.0289754197001457
      },
      {
        "x": 2.53128814697266,
        "y": 1.69967305660248
      },
      {
        "x": 0.501209676265717,
        "y": 1.69967305660248
      },
      {
        "x": 0.00445869704708457,
        "y": 0.0151200741529465
      },
      {
        "x": 0.00714703183621168,
        "y": 0.00714703183621168
      },
      {
        "x": 1,
        "y": 1
      },
      {
        "x": 0,
        "y": 0.00714719295501709
      },
      {
        "x": 1,
        "y": 1
      },
      {
        "x": 0,
        "y": 0.803409516811371
      },
      {
        "x": 0,
        "y": 0.00714719295501709
      },
      {
        "x": 1,
        "y": 1
      },
      {
        "x": 0,
        "y": 1
      },
      {
        "x": 0,
        "y": 0.803409516811371
      },
      {
        "x": 0.0266209319233894,
        "y": 0.00714705605059862
      },
      {
        "x": 1,
        "y": 0.26847505569458
      },
      {
        "x": 0.00714701414108276,
        "y": 0.00714701414108276
      },
      {
        "x": 1,
        "y": 0.26847505569458
      },
      {
        "x": 1,
        "y": 1
      },
      {
        "x": 0.00714701414108276,
        "y": 0.00714701414108276
      },
      {
        "x": 0.938406765460968,
        "y": 0.00670684734359384
      },
      {
        "x": 1,
        "y": 0.00714705791324377
      },
      {
        "x": 1,
        "y": 0.26847505569458
      },
      {
        "x": 0.938406765460968,
        "y": 0.00670684734359384
      },
      {
        "x": 1,
        "y": 0.26847505569458
      },
      {
        "x": 0.0266209319233894,
        "y": 0.00714705605059862
      },
      {
        "x": 0,
        "y": 1.58889281749725
      },
      {
        "x": 0,
        "y": 0.184786826372147
      },
      {
        "x": 0.014294384047389,
        "y": 2.99304890632629
      },
      {
        "x": 0.014294384047389,
        "y": 2.99304890632629
      },
      {
        "x": 0,
        "y": 2.99299883842468
      },
      {
        "x": 0,
        "y": 1.58889281749725
      },
      {
        "x": 0.123191148042679,
        "y": 0.184786722064018
      },
      {
        "x": 1.99533236026764,
        "y": 2.99299836158752
      },
      {
        "x": 0,
        "y": 0.184786826372147
      },
      {
        "x": 1.99533236026764,
        "y": 2.99299836158752
      },
      {
        "x": 0.014294384047389,
        "y": 2.99304890632629
      },
      {
        "x": 0,
        "y": 0.184786826372147
      },
      {
        "x": 1.99999976158142,
        "y": 2.9929986000061
      },
      {
        "x": 1.99533247947693,
        "y": 2.9929986000061
      },
      {
        "x": 0.123191222548485,
        "y": 0.184786826372147
      },
      {
        "x": 1.98575961589813,
        "y": 0.183471143245697
      },
      {
        "x": 1.99999976158142,
        "y": 0.184786826372147
      },
      {
        "x": 1.99999976158142,
        "y": 2.9929986000061
      },
      {
        "x": 1.98575961589813,
        "y": 0.183471143245697
      },
      {
        "x": 1.99999976158142,
        "y": 2.9929986000061
      },
      {
        "x": 0.123191222548485,
        "y": 0.184786826372147
      }
    ],
    "uvs": [
      {
        "x": 0.00714707374572754,
        "y": 0
      },
      {
        "x": 1,
        "y": 0.999999940395355
      },
      {
        "x": 0,
        "y": 0
      },
      {
        "x": 1,
        "y": 1
      },
      {
        "x": 0,
        "y": 0.852641820907593
      },
      {
        "x": 0,
        "y": 0
      },
      {
        "x": 1,
        "y": 1
      },
      {
        "x": 0,
        "y": 1
      },
      {
        "x": 0,
        "y": 0.852641820907593
      },
      {
        "x": 0.419237613677979,
        "y": 5.96046447753906e-08
      },
      {
        "x": 1,
        "y": 0.00997209548950195
      },
      {
        "x": 0.00714707374572754,
        "y": 0
      },
      {
        "x": 1,
        "y": 0.00997209548950195
      },
      {
        "x": 1,
        "y": 1
      },
      {
        "x": 0.00714707374572754,
        "y": 0
      },
      {
        "x": 0.997666418552399,
        "y": 5.96046447753906e-08
      },
      {
        "x": 1,
        "y": 5.96046447753906e-08
      },
      {
        "x": 1,
        "y": 0.00997209548950195
      },
      {
        "x": 0.997666418552399,
        "y": 5.96046447753906e-08
      },
      {
        "x": 1,
        "y": 0.00997209548950195
      },
      {
        "x": 0.419237613677979,
        "y": 5.96046447753906e-08
      },
      {
        "x": 0.207500576972961,
        "y": 5.96046447753906e-08
      },
      {
        "x": 0.131604731082916,
        "y": 0.263209283351898
      },
      {
        "x": 1.19209289550781e-07,
        "y": 1.78813934326172e-07
      },
      {
        "x": 0.50000011920929,
        "y": 0.754403114318848
      },
      {
        "x": 0.500000059604645,
        "y": 1
      },
      {
        "x": 0.131604731082916,
        "y": 0.263209283351898
      },
      {
        "x": 0.50000011920929,
        "y": 5.96046447753906e-08
      },
      {
        "x": 0.50000011920929,
        "y": 0.754403114318848
      },
      {
        "x": 0.207500576972961,
        "y": 5.96046447753906e-08
      },
      {
        "x": 0.50000011920929,
        "y": 0.754403114318848
      },
      {
        "x": 0.131604731082916,
        "y": 0.263209283351898
      },
      {
        "x": 0.207500576972961,
        "y": 5.96046447753906e-08
      },
      {
        "x": 0.54003119468689,
        "y": 5.96046447753906e-08
      },
      {
        "x": 0.573679089546204,
        "y": 0.852641820907593
      },
      {
        "x": 0.50000011920929,
        "y": 5.96046447753906e-08
      },
      {
        "x": 0.573679089546204,
        "y": 0.852641820907593
      },
      {
        "x": 0.50000011920929,
        "y": 0.754403114318848
      },
      {
        "x": 0.50000011920929,
        "y": 5.96046447753906e-08
      },
      {
        "x": 0.573679089546204,
        "y": 0.852641820907593
      },
      {
        "x": 0.500000059604645,
        "y": 1
      },
      {
        "x": 0.50000011920929,
        "y": 0.754403114318848
      },
      {
        "x": 0.999999940395355,
        "y": 0
      },
      {
        "x": 0.573679089546204,
        "y": 0.852641820907593
      },
      {
        "x": 0.54003119468689,
        "y": 5.96046447753906e-08
      },
      {
        "x": 0.00176149606704712,
        "y": 5.96046447753906e-08
      },
      {
        "x": 0.599002718925476,
        "y": 0.801994204521179
      },
      {
        "x": 0,
        "y": 5.96046447753906e-08
      },
      {
        "x": 0.599002718925476,
        "y": 0.801994204521179
      },
      {
        "x": 0.0049859881401062,
        "y": 0.00997209548950195
      },
      {
        "x": 0,
        "y": 5.96046447753906e-08
      },
      {
        "x": 0.599002718925476,
        "y": 0.801994204521179
      },
      {
        "x": 0.499999940395355,
        "y": 1
      },
      {
        "x": 0.0049859881401062,
        "y": 0.00997209548950195
      },
      {
        "x": 1,
        "y": 5.96046447753906e-08
      },
      {
        "x": 0.599002718925476,
        "y": 0.801994204521179
      },
      {
        "x": 0.00176149606704712,
        "y": 5.96046447753906e-08
      },
      {
        "x": 0.00714701414108276,
        "y": 0
      },
      {
        "x": 1,
        "y": 1
      },
      {
        "x": 0,
        "y": 5.96046447753906e-08
      },
      {
        "x": 1,
        "y": 1
      },
      {
        "x": 0,
        "y": 0.801994204521179
      },
      {
        "x": 0,
        "y": 1.78813934326172e-07
      },
      {
        "x": 1,
        "y": 1
      },
      {
        "x": 0,
        "y": 1
      },
      {
        "x": 0,
        "y": 0.801994204521179
      },
      {
        "x": 0.0266209244728088,
        "y": 5.96046447753906e-08
      },
      {
        "x": 1,
        "y": 0.263209283351898
      },
      {
        "x": 0.00714701414108276,
        "y": 0
      },
      {
        "x": 1,
        "y": 0.263209283351898
      },
      {
        "x": 1,
        "y": 1
      },
      {
        "x": 0.00714701414108276,
        "y": 0
      },
      {
        "x": 0.938404321670532,
        "y": 5.96046447753906e-08
      },
      {
        "x": 1,
        "y": 1.78813934326172e-07
      },
      {
        "x": 1,
        "y": 0.263209283351898
      },
      {
        "x": 0.938404321670532,
        "y": 5.96046447753906e-08
      },
      {
        "x": 1,
        "y": 0.263209283351898
      },
      {
        "x": 0.0266209244728088,
        "y": 5.96046447753906e-08
      },
      {
        "x": 0,
        "y": 0.50000011920929
      },
      {
        "x": 0,
        "y": 1.19209289550781e-07
      },
      {
        "x": 0.00714707374572754,
        "y": 0.999999940395355
      },
      {
        "x": 0.00714707374572754,
        "y": 0.999999940395355
      },
      {
        "x": 0,
        "y": 0.999999940395355
      },
      {
        "x": 0,
        "y": 0.50000011920929
      },
      {
        "x": 0.0615956783294678,
        "y": 5.96046447753906e-08
      },
      {
        "x": 0.997666418552399,
        "y": 1
      },
      {
        "x": 0,
        "y": 1.19209289550781e-07
      },
      {
        "x": 0.997666418552399,
        "y": 1
      },
      {
        "x": 0.00714707374572754,
        "y": 0.999999940395355
      },
      {
        "x": 0,
        "y": 1.19209289550781e-07
      },
      {
        "x": 1,
        "y": 1
      },
      {
        "x": 0.997666418552399,
        "y": 1
      },
      {
        "x": 0.0615956783294678,
        "y": 5.96046447753906e-08
      },
      {
        "x": 0.992852985858917,
        "y": 5.96046447753906e-08
      },
      {
        "x": 1,
        "y": 0
      },
      {
        "x": 1,
        "y": 1
      },
      {
        "x": 0.992852985858917,
        "y": 5.96046447753906e-08
      },
      {
        "x": 1,
        "y": 1
      },
      {
        "x": 0.0615956783294678,
        "y": 5.96046447753906e-08
      }
    ],
    "vertices": [
      {
        "x": 0.468035399913788,
        "y": 0.351026594638824,
        "z": 0.492853045463562
      },
      {
        "x": 4.4703483581543e-08,
        "y": -0.351026594638824,
        "z": -0.50000011920929
      },
      {
        "x": 0.468035399913788,
        "y": 0.351026594638824,
        "z": 0.50000011920929
      },
      {
        "x": 4.4703483581543e-08,
        "y": -0.351026594638824,
        "z": -0.50000011920929
      },
      {
        "x": 0.0689688846468925,
        "y": -0.24757331609726,
        "z": 0.50000011920929
      },
      {
        "x": 0.468035399913788,
        "y": 0.351026594638824,
        "z": 0.50000011920929
      },
      {
        "x": 4.4703483581543e-08,
        "y": -0.351026594638824,
        "z": -0.50000011920929
      },
      {
        "x": 4.4703483581543e-08,
        "y": -0.351026594638824,
        "z": 0.50000011920929
      },
      {
        "x": 0.0689688846468925,
        "y": -0.24757331609726,
        "z": 0.50000011920929
      },
      {
        "x": 0.468035459518433,
        "y": 0.35102653503418,
        "z": 0.0807623565196991
      },
      {
        "x": 0.463368237018585,
        "y": 0.344025701284409,
        "z": -0.50000011920929
      },
      {
        "x": 0.468035399913788,
        "y": 0.351026594638824,
        "z": 0.492853045463562
      },
      {
        "x": 0.463368237018585,
        "y": 0.344025701284409,
        "z": -0.50000011920929
      },
      {
        "x": 4.4703483581543e-08,
        "y": -0.351026594638824,
        "z": -0.50000011920929
      },
      {
        "x": 0.468035399913788,
        "y": 0.351026594638824,
        "z": 0.492853045463562
      },
      {
        "x": 0.468035459518433,
        "y": 0.35102653503418,
        "z": -0.497666537761688
      },
      {
        "x": 0.468035459518433,
        "y": 0.35102653503418,
        "z": -0.50000011920929
      },
      {
        "x": 0.463368237018585,
        "y": 0.344025701284409,
        "z": -0.50000011920929
      },
      {
        "x": 0.468035459518433,
        "y": 0.35102653503418,
        "z": -0.497666537761688
      },
      {
        "x": 0.463368237018585,
        "y": 0.344025701284409,
        "z": -0.50000011920929
      },
      {
        "x": 0.468035459518433,
        "y": 0.35102653503418,
        "z": 0.0807623565196991
      },
      {
        "x": -0.273800194263458,
        "y": 0.35102653503418,
        "z": 0.50000011920929
      },
      {
        "x": -0.344844102859497,
        "y": 0.166239678859711,
        "z": 0.50000011920929
      },
      {
        "x": -0.468035340309143,
        "y": 0.351026475429535,
        "z": 0.50000011920929
      },
      {
        "x": 9.68575477600098e-08,
        "y": -0.178604543209076,
        "z": 0.50000011920929
      },
      {
        "x": 4.4703483581543e-08,
        "y": -0.351026594638824,
        "z": 0.50000011920929
      },
      {
        "x": -0.344844102859497,
        "y": 0.166239678859711,
        "z": 0.50000011920929
      },
      {
        "x": 1.34110450744629e-07,
        "y": 0.35102653503418,
        "z": 0.50000011920929
      },
      {
        "x": 9.68575477600098e-08,
        "y": -0.178604543209076,
        "z": 0.50000011920929
      },
      {
        "x": -0.273800194263458,
        "y": 0.35102653503418,
        "z": 0.50000011920929
      },
      {
        "x": 9.68575477600098e-08,
        "y": -0.178604543209076,
        "z": 0.50000011920929
      },
      {
        "x": -0.344844102859497,
        "y": 0.166239678859711,
        "z": 0.50000011920929
      },
      {
        "x": -0.273800194263458,
        "y": 0.35102653503418,
        "z": 0.50000011920929
      },
      {
        "x": 0.0374720841646194,
        "y": 0.35102653503418,
        "z": 0.50000011920929
      },
      {
        "x": 0.0689688846468925,
        "y": -0.24757331609726,
        "z": 0.50000011920929
      },
      {
        "x": 1.34110450744629e-07,
        "y": 0.35102653503418,
        "z": 0.50000011920929
      },
      {
        "x": 0.0689688846468925,
        "y": -0.24757331609726,
        "z": 0.50000011920929
      },
      {
        "x": 9.68575477600098e-08,
        "y": -0.178604543209076,
        "z": 0.50000011920929
      },
      {
        "x": 1.34110450744629e-07,
        "y": 0.35102653503418,
        "z": 0.50000011920929
      },
      {
        "x": 0.0689688846468925,
        "y": -0.24757331609726,
        "z": 0.50000011920929
      },
      {
        "x": 4.4703483581543e-08,
        "y": -0.351026594638824,
        "z": 0.50000011920929
      },
      {
        "x": 9.68575477600098e-08,
        "y": -0.178604543209076,
        "z": 0.50000011920929
      },
      {
        "x": 0.468035399913788,
        "y": 0.351026594638824,
        "z": 0.50000011920929
      },
      {
        "x": 0.0689688846468925,
        "y": -0.24757331609726,
        "z": 0.50000011920929
      },
      {
        "x": 0.0374720841646194,
        "y": 0.35102653503418,
        "z": 0.50000011920929
      },
      {
        "x": 0.466386556625366,
        "y": 0.35102653503418,
        "z": -0.50000011920929
      },
      {
        "x": -0.09267358481884,
        "y": -0.212015986442566,
        "z": -0.50000011920929
      },
      {
        "x": 0.468035459518433,
        "y": 0.35102653503418,
        "z": -0.50000011920929
      },
      {
        "x": -0.09267358481884,
        "y": -0.212015986442566,
        "z": -0.50000011920929
      },
      {
        "x": 0.463368237018585,
        "y": 0.344025701284409,
        "z": -0.50000011920929
      },
      {
        "x": 0.468035459518433,
        "y": 0.35102653503418,
        "z": -0.50000011920929
      },
      {
        "x": -0.09267358481884,
        "y": -0.212015986442566,
        "z": -0.50000011920929
      },
      {
        "x": 4.4703483581543e-08,
        "y": -0.351026594638824,
        "z": -0.50000011920929
      },
      {
        "x": 0.463368237018585,
        "y": 0.344025701284409,
        "z": -0.50000011920929
      },
      {
        "x": -0.468035459518433,
        "y": 0.35102653503418,
        "z": -0.50000011920929
      },
      {
        "x": -0.09267358481884,
        "y": -0.212015986442566,
        "z": -0.50000011920929
      },
      {
        "x": 0.466386556625366,
        "y": 0.35102653503418,
        "z": -0.50000011920929
      },
      {
        "x": -0.468035399913788,
        "y": 0.351026594638824,
        "z": -0.492853105068207
      },
      {
        "x": 4.4703483581543e-08,
        "y": -0.351026594638824,
        "z": 0.50000011920929
      },
      {
        "x": -0.468035459518433,
        "y": 0.35102653503418,
        "z": -0.50000011920929
      },
      {
        "x": 4.4703483581543e-08,
        "y": -0.351026594638824,
        "z": 0.50000011920929
      },
      {
        "x": -0.09267358481884,
        "y": -0.212015986442566,
        "z": -0.50000011920929
      },
      {
        "x": -0.468035459518433,
        "y": 0.35102653503418,
        "z": -0.50000011920929
      },
      {
        "x": 4.4703483581543e-08,
        "y": -0.351026594638824,
        "z": 0.50000011920929
      },
      {
        "x": 4.4703483581543e-08,
        "y": -0.351026594638824,
        "z": -0.50000011920929
      },
      {
        "x": -0.09267358481884,
        "y": -0.212015986442566,
        "z": -0.50000011920929
      },
      {
        "x": -0.468035399913788,
        "y": 0.35102653503418,
        "z": -0.473379194736481
      },
      {
        "x": -0.344844102859497,
        "y": 0.166239678859711,
        "z": 0.50000011920929
      },
      {
        "x": -0.468035399913788,
        "y": 0.351026594638824,
        "z": -0.492853105068207
      },
      {
        "x": -0.344844102859497,
        "y": 0.166239678859711,
        "z": 0.50000011920929
      },
      {
        "x": 4.4703483581543e-08,
        "y": -0.351026594638824,
        "z": 0.50000011920929
      },
      {
        "x": -0.468035399913788,
        "y": 0.351026594638824,
        "z": -0.492853105068207
      },
      {
        "x": -0.468035399913788,
        "y": 0.35102653503418,
        "z": 0.438404440879822
      },
      {
        "x": -0.468035340309143,
        "y": 0.351026475429535,
        "z": 0.50000011920929
      },
      {
        "x": -0.344844102859497,
        "y": 0.166239678859711,
        "z": 0.50000011920929
      },
      {
        "x": -0.468035399913788,
        "y": 0.35102653503418,
        "z": 0.438404440879822
      },
      {
        "x": -0.344844102859497,
        "y": 0.166239678859711,
        "z": 0.50000011920929
      },
      {
        "x": -0.468035399913788,
        "y": 0.35102653503418,
        "z": -0.473379194736481
      },
      {
        "x": 1.34110450744629e-07,
        "y": 0.35102653503418,
        "z": 0.50000011920929
      },
      {
        "x": -0.468035340309143,
        "y": 0.351026475429535,
        "z": 0.50000011920929
      },
      {
        "x": 0.468035399913788,
        "y": 0.351026594638824,
        "z": 0.492853045463562
      },
      {
        "x": 0.468035399913788,
        "y": 0.351026594638824,
        "z": 0.492853045463562
      },
      {
        "x": 0.468035399913788,
        "y": 0.351026594638824,
        "z": 0.50000011920929
      },
      {
        "x": 1.34110450744629e-07,
        "y": 0.35102653503418,
        "z": 0.50000011920929
      },
      {
        "x": -0.468035399913788,
        "y": 0.35102653503418,
        "z": 0.438404440879822
      },
      {
        "x": 0.468035459518433,
        "y": 0.35102653503418,
        "z": -0.497666537761688
      },
      {
        "x": -0.468035340309143,
        "y": 0.351026475429535,
        "z": 0.50000011920929
      },
      {
        "x": 0.468035459518433,
        "y": 0.35102653503418,
        "z": -0.497666537761688
      },
      {
        "x": 0.468035399913788,
        "y": 0.351026594638824,
        "z": 0.492853045463562
      },
      {
        "x": -0.468035340309143,
        "y": 0.351026475429535,
        "z": 0.50000011920929
      },
      {
        "x": 0.468035459518433,
        "y": 0.35102653503418,
        "z": -0.50000011920929
      },
      {
        "x": 0.468035459518433,
        "y": 0.35102653503418,
        "z": -0.497666537761688
      },
      {
        "x": -0.468035399913788,
        "y": 0.35102653503418,
        "z": 0.438404440879822
      },
      {
        "x": -0.468035399913788,
        "y": 0.351026594638824,
        "z": -0.492853105068207
      },
      {
        "x": -0.468035459518433,
        "y": 0.35102653503418,
        "z": -0.50000011920929
      },
      {
        "x": 0.468035459518433,
        "y": 0.35102653503418,
        "z": -0.50000011920929
      },
      {
        "x": -0.468035399913788,
        "y": 0.351026594638824,
        "z": -0.492853105068207
      },
      {
        "x": 0.468035459518433,
        "y": 0.35102653503418,
        "z": -0.50000011920929
      },
      {
        "x": -0.468035399913788,
        "y": 0.35102653503418,
        "z": 0.438404440879822
      }
    ]
  }
}